id,tipo,seccion,b_cm,h_cm,A_m2,nodo_i,nodo_j,xi_cm,yi_cm,zi_cm,xj_cm,yj_cm,zj_cm,L_m,Fx_kN,Fy_kN,Fz_kN,Mx_kNm,My_kNm,Mz_kNm
1,column,70x70,70.0,70.0,0.49,1,7,0,0,0,0,0,356.0,3.56,-12.938569,-5.073809,984.791116,4.86496,-12.499939,0.029579
2,column,70x70,70.0,70.0,0.49,4,10,-1000,0,0,-1000,0,356.0,3.56,0.570185,-8.581351,2300.886322,9.503617,11.601721,2.082559
3,column,70x70,70.0,70.0,0.49,2,8,0,725.0,0,0,725.0,356.0,3.56,-23.653469,4.952761,1509.636312,-7.033237,-25.330798,0.029579
4,column,70x70,70.0,70.0,0.49,5,11,-1000,725.0,0,-1000,725.0,356.0,3.56,30.869915,7.691873,2818.355349,-10.123865,39.370285,0.029579
5,column,70x70,70.0,70.0,0.49,3,9,0,1615.0,0,0,1615.0,356.0,3.56,-17.742449,17.01484,1191.847252,-21.346904,-18.458596,0.029579
6,column,70x70,70.0,70.0,0.49,6,12,-1000,1615.0,0,-1000,1615.0,356.0,3.56,2.145585,6.710837,2040.365779,-7.5807,12.770925,-1.382953
7,beam_x,60x80,60.0,80.0,0.48,7,10,0,0,356.0,-1000,0,356.0,10.0,122.699362,0.286136,53.463964,-0.760195,79.685834,-0.92491
8,beam_x,60x80,60.0,80.0,0.48,8,11,0,725.0,356.0,-1000,725.0,356.0,10.0,0.0,-0.0,100.168528,0.845568,160.860728,0.0
9,beam_x,60x80,60.0,80.0,0.48,9,12,0,1615.0,356.0,-1000,1615.0,356.0,10.0,115.976769,-0.284263,82.693202,-2.167185,122.125109,1.073324
10,beam_y,60x80,60.0,80.0,0.48,7,8,0,0,356.0,0,725.0,356.0,7.25,-2.575452,7.016812,-16.392487,-43.338268,-13.047402,4.648038
11,beam_y,60x80,60.0,80.0,0.48,10,11,-1000,0,356.0,-1000,725.0,356.0,7.25,-10.149428,3.655178,-82.133655,-157.796671,-13.826932,17.000938
12,beam_y,60x80,60.0,80.0,0.48,8,9,0,725.0,356.0,0,1615.0,356.0,8.9,-0.687218,-1.684117,4.717293,-33.717237,-13.453717,1.980988
13,beam_y,60x80,60.0,80.0,0.48,11,12,-1000,725.0,356.0,-1000,1615.0,356.0,8.9,-1.686688,-19.665827,-48.803031,-145.682582,16.577219,3.73073
14,column,70x70,70.0,70.0,0.49,7,25,0,0,356.0,0,0,712.0,3.56,-18.404718,-24.101042,829.660606,30.900663,-33.077065,0.058661
15,column,70x70,70.0,70.0,0.49,10,29,-1000,0,356.0,-1000,0,712.0,3.56,-62.297612,-11.93682,2227.036519,19.675614,-93.346728,-1.994319
16,column,70x70,70.0,70.0,0.49,8,26,0,725.0,356.0,0,725.0,712.0,3.56,-36.55422,33.348621,1293.718723,-49.171133,-67.327539,0.058661
17,column,70x70,70.0,70.0,0.49,11,30,-1000,725.0,356.0,-1000,725.0,712.0,3.56,-11.21207,15.341755,2725.062326,-31.056088,27.446228,0.058661
18,column,70x70,70.0,70.0,0.49,9,27,0,1615.0,356.0,0,1615.0,712.0,3.56,-34.233726,-0.908676,1032.822329,-22.832807,-57.557082,0.058661
19,column,70x70,70.0,70.0,0.49,12,31,-1000,1615.0,356.0,-1000,1615.0,712.0,3.56,-33.674566,-21.010469,1861.911629,9.109041,-56.180241,1.471194
20,beam_x,60x80,60.0,80.0,0.48,25,29,0,0,712.0,-1000,0,712.0,10.0,0.0,0.0,51.874909,4.179304,79.875471,-0.0
21,beam_x,60x80,60.0,80.0,0.48,26,30,0,725.0,712.0,-1000,725.0,712.0,10.0,0.0,0.0,91.025916,-5.75661,137.769472,-0.0
22,beam_x,60x80,60.0,80.0,0.48,27,31,0,1615.0,712.0,-1000,1615.0,712.0,10.0,0.0,0.0,82.592482,-3.98592,121.795295,-0.0
23,beam_y,60x80,60.0,80.0,0.48,25,26,0,0,712.0,0,725.0,712.0,7.25,-12.257334,-8.916947,-36.304818,-58.770262,-12.344156,22.153482
24,beam_y,60x80,60.0,80.0,0.48,29,30,-1000,0,712.0,-1000,725.0,712.0,7.25,0.0,0.0,76.922922,121.275152,2.414767,-0.0
25,beam_y,60x80,60.0,80.0,0.48,26,27,0,725.0,712.0,0,1615.0,712.0,8.9,-0.0,0.0,37.537853,39.802657,1.059494,0.0
26,beam_y,60x80,60.0,80.0,0.48,30,31,-1000,725.0,712.0,-1000,1615.0,712.0,8.9,-0.0,0.0,85.522901,123.965832,-10.173199,0.0
27,column,70x70,70.0,70.0,0.49,25,56,0,0,712.0,0,0,1068.0,3.56,-23.776854,9.614857,696.031482,-0.308087,-35.087585,-0.3626
28,column,70x70,70.0,70.0,0.49,29,60,-1000,0,712.0,-1000,0,1068.0,3.56,-59.200369,21.317437,1685.542242,-33.798875,-112.955023,-0.3626
29,column,70x70,70.0,70.0,0.49,26,57,0,725.0,712.0,0,725.0,1068.0,3.56,-37.092777,45.14662,1063.689389,-98.747848,-58.063674,-0.3626
30,column,70x70,70.0,70.0,0.49,30,61,-1000,725.0,712.0,-1000,725.0,1068.0,3.56,-69.222508,33.841415,2060.207215,-62.986697,-130.819353,-0.3626
31,column,70x70,70.0,70.0,0.49,27,58,0,1615.0,712.0,0,1615.0,1068.0,3.56,-33.822511,-11.265601,763.603913,23.160313,-56.420818,-0.3626
32,column,70x70,70.0,70.0,0.49,31,62,-1000,1615.0,712.0,-1000,1615.0,1068.0,3.56,-22.461327,-39.555804,1392.531376,71.601155,-35.359596,-0.3626
33,beam_x,60x80,60.0,80.0,0.48,56,60,0,0,1068.0,-1000,0,1068.0,10.0,0.0,0.0,54.177181,-1.817955,84.639391,-0.0
34,beam_x,60x80,60.0,80.0,0.48,57,61,0,725.0,1068.0,-1000,725.0,1068.0,10.0,0.0,0.0,93.152158,1.651211,141.311086,-0.0
35,beam_x,60x80,60.0,80.0,0.48,58,62,0,1615.0,1068.0,-1000,1615.0,1068.0,10.0,0.0,0.0,81.699199,-4.893415,117.710726,-0.0
36,beam_y,60x80,60.0,80.0,0.48,56,57,0,0,1068.0,0,725.0,1068.0,7.25,-0.0,0.0,45.167136,76.600154,3.282356,0.0
37,beam_y,60x80,60.0,80.0,0.48,60,61,-1000,0,1068.0,-1000,725.0,1068.0,7.25,-0.0,0.0,78.390809,122.264283,2.398483,0.0
38,beam_y,60x80,60.0,80.0,0.48,57,58,0,725.0,1068.0,0,1615.0,1068.0,8.9,-0.0,0.0,41.85954,70.034716,-1.164396,0.0
39,beam_y,60x80,60.0,80.0,0.48,61,62,-1000,725.0,1068.0,-1000,1615.0,1068.0,8.9,-0.0,0.0,83.946325,118.966917,-3.666419,0.0
40,column,70x70,70.0,70.0,0.49,56,90,0,0,1068.0,0,0,1424.0,3.56,-20.616249,19.806992,458.14485,-40.861394,-38.36373,-0.390365
41,column,70x70,70.0,70.0,0.49,60,94,-1000,0,1068.0,-1000,0,1424.0,3.56,-68.193266,9.805227,970.729316,-23.425956,-101.02616,-0.390365
42,column,70x70,70.0,70.0,0.49,57,91,0,725.0,1068.0,0,725.0,1424.0,3.56,-34.095771,7.780916,716.572809,-12.479406,-62.877723,-0.390365
43,column,70x70,70.0,70.0,0.49,61,95,-1000,725.0,1068.0,-1000,725.0,1424.0,3.56,-67.547733,20.141016,1403.581856,-36.226843,-106.072935,-0.390365
44,column,70x70,70.0,70.0,0.49,58,92,0,1615.0,1068.0,0,1615.0,1424.0,3.56,-32.631284,-13.675732,499.600465,24.959325,-54.887802,-0.390365
45,column,70x70,70.0,70.0,0.49,62,96,-1000,1615.0,1068.0,-1000,1615.0,1424.0,3.56,-22.067543,-43.188858,921.344177,78.532822,-36.449509,-0.390365
46,beam_x,60x80,60.0,80.0,0.48,90,94,0,0,1424.0,-1000,0,1424.0,10.0,0.0,0.0,50.213066,-1.992139,74.850834,-0.0
47,beam_x,60x80,60.0,80.0,0.48,91,95,0,725.0,1424.0,-1000,725.0,1424.0,10.0,0.0,0.0,91.412858,0.823896,140.061525,-0.0
48,beam_x,60x80,60.0,80.0,0.48,92,96,0,1615.0,1424.0,-1000,1615.0,1424.0,10.0,0.0,0.0,80.993455,-4.400694,114.015677,-0.0
49,beam_y,60x80,60.0,80.0,0.48,90,91,0,0,1424.0,0,725.0,1424.0,7.25,-0.0,0.0,48.8823,94.450113,2.942301,0.0
50,beam_y,60x80,60.0,80.0,0.48,94,95,-1000,0,1424.0,-1000,725.0,1424.0,7.25,-0.0,0.0,70.093546,129.858301,-1.649824,0.0
51,beam_y,60x80,60.0,80.0,0.48,91,92,0,725.0,1424.0,0,1615.0,1424.0,8.9,0.0,0.0,40.487,63.540974,1.700821,-0.0
52,beam_y,60x80,60.0,80.0,0.48,95,96,-1000,725.0,1424.0,-1000,1615.0,1424.0,8.9,0.0,0.0,81.977666,111.246586,-9.697603,-0.0
53,column,70x70,70.0,70.0,0.49,90,129,0,0,1424.0,0,0,1780.0,3.56,-34.638009,39.486103,220.50717,-62.806478,-42.763019,-0.669117
54,column,70x70,70.0,70.0,0.49,94,132,-1000,0,1424.0,-1000,0,1780.0,3.56,-56.962721,55.553113,396.810201,-77.07637,-119.508701,-0.669117
55,column,70x70,70.0,70.0,0.49,91,130,0,725.0,1424.0,0,725.0,1780.0,3.56,-60.90326,38.095829,376.283233,-60.996789,-80.316825,-0.669117
56,column,70x70,70.0,70.0,0.49,95,133,-1000,725.0,1424.0,-1000,725.0,1780.0,3.56,-67.723649,49.891796,712.098048,-82.087658,-124.607799,-0.669117
57,column,70x70,70.0,70.0,0.49,92,131,0,1615.0,1424.0,0,1615.0,1780.0,3.56,-33.553042,-21.667501,234.930222,23.40741,-51.035287,-0.669117
58,column,70x70,70.0,70.0,0.49,96,134,-1000,1615.0,1424.0,-1000,1615.0,1780.0,3.56,-26.043812,-61.162168,447.814153,85.239614,-35.491348,-0.669117
59,beam_x,60x80,60.0,80.0,0.48,129,132,0,0,1780.0,-1000,0,1780.0,10.0,0.0,0.0,58.0121,4.795832,71.59586,-0.0
60,beam_x,60x80,60.0,80.0,0.48,130,133,0,725.0,1780.0,-1000,725.0,1780.0,10.0,0.0,0.0,120.245046,0.779344,154.077184,-0.0
61,beam_x,60x80,60.0,80.0,0.48,131,134,0,1615.0,1780.0,-1000,1615.0,1780.0,10.0,0.0,0.0,57.60017,-8.412213,59.78757,-0.0
62,beam_y,60x80,60.0,80.0,0.48,129,130,0,0,1780.0,0,725.0,1780.0,7.25,0.0,0.0,44.487833,72.968216,8.952432,-0.0
63,beam_y,60x80,60.0,80.0,0.48,132,133,-1000,0,1780.0,-1000,725.0,1780.0,7.25,0.0,0.0,73.365008,92.94837,7.533844,-0.0
64,beam_y,60x80,60.0,80.0,0.48,130,131,0,725.0,1780.0,0,1615.0,1780.0,8.9,0.0,0.0,59.540118,87.772913,-8.625973,-0.0
65,beam_y,60x80,60.0,80.0,0.48,133,134,-1000,725.0,1780.0,-1000,1615.0,1780.0,8.9,0.0,0.0,103.595814,142.607076,-1.752936,-0.0
66,column,70x70,70.0,70.0,0.49,13,38,-2000,0,356.0,-2000,0,712.0,3.56,79.483445,16.704508,2805.65164,-26.057394,106.998813,0.08824
67,column,70x70,70.0,70.0,0.49,16,44,-3000,0,356.0,-3000,0,712.0,3.56,3.78292,22.776214,2367.627967,-32.785821,17.167523,0.08824
68,column,70x70,70.0,70.0,0.49,19,50,-4000,0,356.0,-4000,0,712.0,3.56,45.217677,-11.94568,1252.996462,8.894158,66.336768,0.08824
69,column,70x70,70.0,70.0,0.49,22,53,-4500,0,356.0,-4500,0,712.0,3.56,8.371151,-4.116776,1097.187296,-0.157809,22.612223,0.08824
70,column,70x70,70.0,70.0,0.49,14,39,-2000,725.0,356.0,-2000,725.0,712.0,3.56,34.868891,9.78744,3213.88102,-17.84914,53.710626,0.08824
71,column,70x70,70.0,70.0,0.49,17,45,-3000,725.0,356.0,-3000,725.0,712.0,3.56,8.343142,10.711794,3099.613083,-18.469375,22.233405,0.08824
72,column,70x70,70.0,70.0,0.49,20,51,-4000,725.0,356.0,-4000,725.0,712.0,3.56,64.534751,5.93178,2042.885794,-12.320427,88.914114,0.08824
73,column,70x70,70.0,70.0,0.49,23,54,-4500,725.0,356.0,-4500,725.0,712.0,3.56,5.47856,-0.693306,1711.025779,-4.220327,18.834101,0.08824
74,column,70x70,70.0,70.0,0.49,15,40,-2000,1615.0,356.0,-2000,1615.0,712.0,3.56,15.621397,-34.660773,1991.147019,34.896073,30.446035,0.08824
75,column,70x70,70.0,70.0,0.49,18,46,-3000,1615.0,356.0,-3000,1615.0,712.0,3.56,8.698124,-34.738856,1974.475354,35.465396,22.230418,0.08824
76,column,70x70,70.0,70.0,0.49,21,52,-4000,1615.0,356.0,-4000,1615.0,712.0,3.56,46.677392,3.031451,1348.906608,-8.878704,67.299149,0.08824
77,column,70x70,70.0,70.0,0.49,24,55,-4500,1615.0,356.0,-4500,1615.0,712.0,3.56,6.302338,-2.682047,1142.529726,-1.860354,19.387419,0.08824
78,column,70x70,70.0,70.0,0.49,38,70,-2000,0,712.0,-2000,0,1068.0,3.56,77.167522,26.562882,2087.104133,-64.021683,174.091273,-0.3626
79,column,70x70,70.0,70.0,0.49,44,78,-3000,0,712.0,-3000,0,1068.0,3.56,19.362503,40.88978,1935.781129,-91.140087,15.664694,-0.3626
80,column,70x70,70.0,70.0,0.49,50,84,-4000,0,712.0,-4000,0,1068.0,3.56,65.093091,31.053517,1038.707128,-41.176465,119.100904,-0.3626
81,column,70x70,70.0,70.0,0.49,53,87,-4500,0,712.0,-4500,0,1068.0,3.56,2.575404,28.493283,980.831656,-48.88465,1.188704,-0.3626
82,column,70x70,70.0,70.0,0.49,39,71,-2000,725.0,712.0,-2000,725.0,1068.0,3.56,43.369037,40.588811,2366.204666,-72.457533,83.152375,-0.3626
83,column,70x70,70.0,70.0,0.49,45,79,-3000,725.0,712.0,-3000,725.0,1068.0,3.56,2.201852,44.74009,2310.336443,-81.392674,2.823428,-0.3626
84,column,70x70,70.0,70.0,0.49,51,85,-4000,725.0,712.0,-4000,725.0,1068.0,3.56,106.247999,41.300129,1758.637631,-74.550364,192.972231,-0.3626
85,column,70x70,70.0,70.0,0.49,54,88,-4500,725.0,712.0,-4500,725.0,1068.0,3.56,3.805084,31.301766,1570.920839,-56.279901,1.326626,-0.3626
86,column,70x70,70.0,70.0,0.49,40,72,-2000,1615.0,712.0,-2000,1615.0,1068.0,3.56,16.774457,-48.924343,1490.889043,86.509956,31.344847,-0.3626
87,column,70x70,70.0,70.0,0.49,46,80,-3000,1615.0,712.0,-3000,1615.0,1068.0,3.56,4.482275,-46.099274,1475.657819,80.338141,8.542506,-0.3626
88,column,70x70,70.0,70.0,0.49,52,86,-4000,1615.0,712.0,-4000,1615.0,1068.0,3.56,75.157126,-4.74075,1110.541567,-16.473464,137.478728,-0.3626
89,column,70x70,70.0,70.0,0.49,55,89,-4500,1615.0,712.0,-4500,1615.0,1068.0,3.56,5.311021,7.394285,1029.930097,-25.549716,6.682952,-0.3626
90,column,70x70,70.0,70.0,0.49,70,104,-2000,0,1068.0,-2000,0,1424.0,3.56,13.288589,1.741369,1351.871095,3.766791,32.265806,-0.390365
91,column,70x70,70.0,70.0,0.49,78,111,-3000,0,1068.0,-3000,0,1424.0,3.56,43.226678,8.405431,1353.66109,-11.175319,89.028338,-0.390365
92,column,70x70,70.0,70.0,0.49,84,117,-4000,0,1068.0,-4000,0,1424.0,3.56,67.182699,37.581051,685.718757,-72.56593,122.553869,-0.390365
93,column,70x70,70.0,70.0,0.49,87,120,-4500,0,1068.0,-4500,0,1424.0,3.56,-0.100382,22.916369,810.692378,-41.454362,12.248169,-0.390365
94,column,70x70,70.0,70.0,0.49,71,105,-2000,725.0,1068.0,-2000,725.0,1424.0,3.56,25.732943,24.762614,1547.214563,-48.404109,57.865672,-0.390365
95,column,70x70,70.0,70.0,0.49,79,112,-3000,725.0,1068.0,-3000,725.0,1424.0,3.56,11.799064,27.313097,1540.007663,-52.497894,23.956298,-0.390365
96,column,70x70,70.0,70.0,0.49,85,118,-4000,725.0,1068.0,-4000,725.0,1424.0,3.56,104.425907,26.848646,1156.823464,-50.774871,190.66087,-0.390365
97,column,70x70,70.0,70.0,0.49,88,121,-4500,725.0,1068.0,-4500,725.0,1424.0,3.56,-3.273611,20.445703,1317.579149,-37.79272,11.371863,-0.390365
98,column,70x70,70.0,70.0,0.49,72,106,-2000,1615.0,1068.0,-2000,1615.0,1424.0,3.56,17.458446,-55.754551,986.184523,100.619989,36.869816,-0.390365
99,column,70x70,70.0,70.0,0.49,80,113,-3000,1615.0,1068.0,-3000,1615.0,1424.0,3.56,10.556237,-54.88755,976.965559,98.908147,22.30809,-0.390365
100,column,70x70,70.0,70.0,0.49,86,119,-4000,1615.0,1068.0,-4000,1615.0,1424.0,3.56,74.26454,-47.563694,728.179342,88.721225,136.707368,-0.390365
101,column,70x70,70.0,70.0,0.49,89,122,-4500,1615.0,1068.0,-4500,1615.0,1424.0,3.56,-0.024482,-28.100606,856.092741,45.825804,13.578746,-0.390365
102,column,70x70,70.0,70.0,0.49,104,139,-2000,0,1424.0,-2000,0,1780.0,3.56,5.446068,39.77788,773.125761,-67.91674,14.641366,-0.669117
103,column,70x70,70.0,70.0,0.49,111,146,-3000,0,1424.0,-3000,0,1780.0,3.56,51.148623,43.322988,783.25461,-74.503322,83.165596,-0.669117
104,column,70x70,70.0,70.0,0.49,117,152,-4000,0,1424.0,-4000,0,1780.0,3.56,105.184148,72.702735,333.770266,-118.725939,170.617844,-0.669117
105,column,70x70,70.0,70.0,0.49,120,155,-4500,0,1424.0,-4500,0,1780.0,3.56,-5.32159,61.637727,204.646623,-102.655746,-9.895111,-0.669117
106,column,70x70,70.0,70.0,0.49,105,140,-2000,725.0,1424.0,-2000,725.0,1780.0,3.56,31.631788,51.673637,774.236296,-84.499227,50.741518,-0.669117
107,column,70x70,70.0,70.0,0.49,112,147,-3000,725.0,1424.0,-3000,725.0,1780.0,3.56,23.631132,58.157073,768.823297,-95.658053,42.08704,-0.669117
108,column,70x70,70.0,70.0,0.49,118,153,-4000,725.0,1424.0,-4000,725.0,1780.0,3.56,155.09557,61.094034,583.147736,-101.269764,251.221308,-0.669117
109,column,70x70,70.0,70.0,0.49,121,156,-4500,725.0,1424.0,-4500,725.0,1780.0,3.56,-13.304836,55.681781,334.656025,-93.385952,-24.931691,-0.669117
110,column,70x70,70.0,70.0,0.49,106,141,-2000,1615.0,1424.0,-2000,1615.0,1780.0,3.56,37.613602,-69.802217,481.211632,101.722094,60.537805,-0.669117
111,column,70x70,70.0,70.0,0.49,113,148,-3000,1615.0,1424.0,-3000,1615.0,1780.0,3.56,21.875404,-66.652344,476.756996,96.132616,40.042295,-0.669117
112,column,70x70,70.0,70.0,0.49,119,154,-4000,1615.0,1424.0,-4000,1615.0,1780.0,3.56,116.790571,-46.972051,358.616384,64.077848,189.47672,-0.669117
113,column,70x70,70.0,70.0,0.49,122,157,-4500,1615.0,1424.0,-4500,1615.0,1780.0,3.56,-3.157418,-28.912791,217.502418,38.597655,-6.045552,-0.669117
114,beam_x,60x80,60.0,80.0,0.48,38,44,-2000,0,712.0,-3000,0,712.0,10.0,0.0,0.0,123.405433,38.784541,313.875753,-0.0
115,beam_x,60x80,60.0,80.0,0.48,44,50,-3000,0,712.0,-4000,0,712.0,10.0,0.0,-0.0,116.110031,29.846077,246.870994,0.0
116,beam_x,60x80,60.0,80.0,0.48,50,53,-4000,0,712.0,-4500,0,712.0,5.0,0.0,0.0,4.257091,4.626707,30.558829,-0.0
117,beam_x,60x80,60.0,80.0,0.48,39,45,-2000,725.0,712.0,-3000,725.0,712.0,10.0,0.0,0.0,219.38073,19.565119,498.166506,-0.0
118,beam_x,60x80,60.0,80.0,0.48,45,51,-3000,725.0,712.0,-4000,725.0,712.0,10.0,0.0,-0.0,221.171894,16.342821,486.666298,0.0
119,beam_x,60x80,60.0,80.0,0.48,51,54,-4000,725.0,712.0,-4500,725.0,712.0,5.0,0.0,0.0,12.522445,-3.498396,63.226873,-0.0
120,beam_x,60x80,60.0,80.0,0.48,40,46,-2000,1615.0,712.0,-3000,1615.0,712.0,10.0,0.0,0.0,128.714797,-39.434631,288.473628,-0.0
121,beam_x,60x80,60.0,80.0,0.48,46,52,-3000,1615.0,712.0,-4000,1615.0,712.0,10.0,0.0,-0.0,133.536412,-34.936998,297.418545,0.0
122,beam_x,60x80,60.0,80.0,0.48,52,55,-4000,1615.0,712.0,-4500,1615.0,712.0,5.0,0.0,0.0,4.642205,-2.98596,33.428836,-0.0
123,beam_y,60x80,60.0,80.0,0.48,38,39,-2000,0,712.0,-2000,725.0,712.0,7.25,0.0,0.0,54.354557,64.795399,17.070359,-0.0
124,beam_y,60x80,60.0,80.0,0.48,39,40,-2000,725.0,712.0,-2000,1615.0,712.0,8.9,-0.0,0.0,94.028673,142.363829,5.852684,0.0
125,beam_y,60x80,60.0,80.0,0.48,44,45,-3000,0,712.0,-3000,725.0,712.0,7.25,0.0,0.0,65.63154,74.671694,-1.993707,-0.0
126,beam_y,60x80,60.0,80.0,0.48,45,46,-3000,725.0,712.0,-3000,1615.0,712.0,8.9,-0.0,0.0,93.835492,141.199775,-0.337906,0.0
127,beam_y,60x80,60.0,80.0,0.48,50,51,-4000,0,712.0,-4000,725.0,712.0,7.25,-11.241139,-7.861195,-27.763167,-45.995593,18.430183,20.336257
128,beam_y,60x80,60.0,80.0,0.48,51,52,-4000,725.0,712.0,-4000,1615.0,712.0,8.9,-5.932676,-1.046632,-21.004562,-81.327869,27.59329,13.167957
129,beam_y,60x80,60.0,80.0,0.48,53,54,-4500,0,712.0,-4500,725.0,712.0,7.25,0.0,0.0,10.323217,38.697826,0.895598,-0.0
130,beam_y,60x80,60.0,80.0,0.48,54,55,-4500,725.0,712.0,-4500,1615.0,712.0,8.9,-0.0,0.0,2.371104,9.947511,-0.485955,0.0
131,beam_x,60x80,60.0,80.0,0.48,70,78,-2000,0,1068.0,-3000,0,1068.0,10.0,0.0,-0.0,178.664528,7.700989,392.483805,0.0
132,beam_x,60x80,60.0,80.0,0.48,78,84,-3000,0,1068.0,-4000,0,1068.0,10.0,0.0,-0.0,119.955526,50.018865,271.983029,0.0
133,beam_x,60x80,60.0,80.0,0.48,84,87,-4000,0,1068.0,-4500,0,1068.0,5.0,0.0,0.0,20.685212,-6.993774,36.778261,-0.0
134,beam_x,60x80,60.0,80.0,0.48,71,79,-2000,725.0,1068.0,-3000,725.0,1068.0,10.0,0.0,-0.0,215.509545,14.703418,481.44146,0.0
135,beam_x,60x80,60.0,80.0,0.48,79,85,-3000,725.0,1068.0,-4000,725.0,1068.0,10.0,0.0,-0.0,217.771983,20.041035,475.660939,0.0
136,beam_x,60x80,60.0,80.0,0.48,85,88,-4000,725.0,1068.0,-4500,725.0,1068.0,5.0,0.0,0.0,45.487527,-3.04991,79.54916,-0.0
137,beam_x,60x80,60.0,80.0,0.48,72,80,-2000,1615.0,1068.0,-3000,1615.0,1068.0,10.0,0.0,-0.0,128.289666,-41.107905,285.432036,0.0
138,beam_x,60x80,60.0,80.0,0.48,80,86,-3000,1615.0,1068.0,-4000,1615.0,1068.0,10.0,0.0,-0.0,131.378341,-42.042627,288.467622,0.0
139,beam_x,60x80,60.0,80.0,0.48,86,89,-4000,1615.0,1068.0,-4500,1615.0,1068.0,5.0,0.0,0.0,19.474237,8.879627,35.804723,-0.0
140,beam_y,60x80,60.0,80.0,0.48,70,71,-2000,0,1068.0,-2000,725.0,1068.0,7.25,-0.0,0.0,64.801786,113.051973,-3.039501,0.0
141,beam_y,60x80,60.0,80.0,0.48,71,72,-2000,725.0,1068.0,-2000,1615.0,1068.0,8.9,-0.0,0.0,91.528244,131.049646,3.473928,0.0
142,beam_y,60x80,60.0,80.0,0.48,78,79,-3000,0,1068.0,-3000,725.0,1068.0,7.25,-0.0,0.0,78.282086,130.959684,9.574413,0.0
143,beam_y,60x80,60.0,80.0,0.48,79,80,-3000,725.0,1068.0,-3000,1615.0,1068.0,8.9,-0.0,0.0,92.39151,134.792863,0.545603,0.0
144,beam_y,60x80,60.0,80.0,0.48,84,85,-4000,0,1068.0,-4000,725.0,1068.0,7.25,-0.0,0.0,75.085957,110.596654,-7.312416,0.0
145,beam_y,60x80,60.0,80.0,0.48,85,86,-4000,725.0,1068.0,-4000,1615.0,1068.0,8.9,-0.0,0.0,95.018905,147.167449,5.3329,0.0
146,beam_y,60x80,60.0,80.0,0.48,87,88,-4500,0,1068.0,-4500,725.0,1068.0,7.25,-0.0,0.0,45.962475,87.012027,-0.444451,0.0
147,beam_y,60x80,60.0,80.0,0.48,88,89,-4500,725.0,1068.0,-4500,1615.0,1068.0,8.9,-0.0,0.0,49.379444,81.799372,0.93824,0.0
148,beam_x,60x80,60.0,80.0,0.48,104,111,-2000,0,1424.0,-3000,0,1424.0,10.0,0.0,-0.0,157.130759,36.959316,309.923308,0.0
149,beam_x,60x80,60.0,80.0,0.48,111,117,-3000,0,1424.0,-4000,0,1424.0,10.0,0.0,-0.0,114.440039,46.316666,240.281932,0.0
150,beam_x,60x80,60.0,80.0,0.48,117,120,-4000,0,1424.0,-4500,0,1424.0,5.0,0.0,-0.0,6.086629,-2.248686,8.898026,0.0
151,beam_x,60x80,60.0,80.0,0.48,105,112,-2000,725.0,1424.0,-3000,725.0,1424.0,10.0,0.0,-0.0,213.618237,15.789521,462.256729,0.0
152,beam_x,60x80,60.0,80.0,0.48,112,118,-3000,725.0,1424.0,-4000,725.0,1424.0,10.0,0.0,-0.0,214.302944,21.666721,460.204788,0.0
153,beam_x,60x80,60.0,80.0,0.48,118,121,-4000,725.0,1424.0,-4500,725.0,1424.0,5.0,0.0,-0.0,24.328035,-1.548332,37.961289,0.0
154,beam_x,60x80,60.0,80.0,0.48,106,113,-2000,1615.0,1424.0,-3000,1615.0,1424.0,10.0,0.0,-0.0,126.367369,-43.97112,273.087847,0.0
155,beam_x,60x80,60.0,80.0,0.48,113,119,-3000,1615.0,1424.0,-4000,1615.0,1424.0,10.0,0.0,-0.0,129.037377,-42.845909,276.132892,0.0
156,beam_x,60x80,60.0,80.0,0.48,119,122,-4000,1615.0,1424.0,-4500,1615.0,1424.0,5.0,0.0,-0.0,1.929237,1.06235,0.237464,0.0
157,beam_y,60x80,60.0,80.0,0.48,104,105,-2000,0,1424.0,-2000,725.0,1424.0,7.25,-0.0,0.0,76.6601,119.922173,-0.786004,0.0
158,beam_y,60x80,60.0,80.0,0.48,105,106,-2000,725.0,1424.0,-2000,1615.0,1424.0,8.9,0.0,0.0,90.76979,130.593523,0.138132,-0.0
159,beam_y,60x80,60.0,80.0,0.48,111,112,-3000,0,1424.0,-3000,725.0,1424.0,7.25,-0.0,0.0,79.422479,130.276763,3.608356,0.0
160,beam_y,60x80,60.0,80.0,0.48,112,113,-3000,725.0,1424.0,-3000,1615.0,1424.0,8.9,0.0,0.0,91.530944,133.567769,0.845809,-0.0
161,beam_y,60x80,60.0,80.0,0.48,117,118,-4000,0,1424.0,-4000,725.0,1424.0,7.25,-0.0,0.0,82.345708,138.601629,-6.127102,0.0
162,beam_y,60x80,60.0,80.0,0.48,118,119,-4000,725.0,1424.0,-4000,1615.0,1424.0,8.9,0.0,0.0,93.291428,143.084246,5.191176,-0.0
163,beam_y,60x80,60.0,80.0,0.48,120,121,-4500,0,1424.0,-4500,725.0,1424.0,7.25,-0.0,0.0,68.383435,123.407681,2.673567,0.0
164,beam_y,60x80,60.0,80.0,0.48,121,122,-4500,725.0,1424.0,-4500,1615.0,1424.0,8.9,0.0,0.0,73.303382,117.246705,-0.965417,-0.0
165,beam_x,60x80,60.0,80.0,0.48,139,146,-2000,0,1780.0,-3000,0,1780.0,10.0,0.0,0.0,156.580831,33.08967,304.804226,-0.0
166,beam_x,60x80,60.0,80.0,0.48,146,152,-3000,0,1780.0,-4000,0,1780.0,10.0,0.0,-0.0,119.576275,48.500689,263.481104,0.0
167,beam_x,60x80,60.0,80.0,0.48,152,155,-4000,0,1780.0,-4500,0,1780.0,5.0,0.0,0.0,22.400758,-5.683576,64.429623,-0.0
168,beam_x,60x80,60.0,80.0,0.48,140,147,-2000,725.0,1780.0,-3000,725.0,1780.0,10.0,0.0,0.0,217.551815,10.806781,478.350846,-0.0
169,beam_x,60x80,60.0,80.0,0.48,147,153,-3000,725.0,1780.0,-4000,725.0,1780.0,10.0,0.0,-0.0,221.98187,18.511121,483.808589,0.0
170,beam_x,60x80,60.0,80.0,0.48,153,156,-4000,725.0,1780.0,-4500,725.0,1780.0,5.0,0.0,0.0,48.420759,-3.206315,119.691985,-0.0
171,beam_x,60x80,60.0,80.0,0.48,141,148,-2000,1615.0,1780.0,-3000,1615.0,1780.0,10.0,0.0,0.0,126.750667,-35.274058,281.074568,-0.0
172,beam_x,60x80,60.0,80.0,0.48,148,154,-3000,1615.0,1780.0,-4000,1615.0,1780.0,10.0,0.0,-0.0,132.747912,-33.968851,287.763677,0.0
173,beam_x,60x80,60.0,80.0,0.48,154,157,-4000,1615.0,1780.0,-4500,1615.0,1780.0,5.0,0.0,0.0,20.000518,7.377178,61.799784,-0.0
174,beam_y,60x80,60.0,80.0,0.48,139,140,-2000,0,1780.0,-2000,725.0,1780.0,7.25,0.0,0.0,71.275992,103.289736,-7.653443,-0.0
175,beam_y,60x80,60.0,80.0,0.48,140,141,-2000,725.0,1780.0,-2000,1615.0,1780.0,8.9,0.0,0.0,95.03333,134.209759,-0.315002,-0.0
176,beam_y,60x80,60.0,80.0,0.48,146,147,-3000,0,1780.0,-3000,725.0,1780.0,7.25,0.0,0.0,73.892543,113.529086,8.771845,-0.0
177,beam_y,60x80,60.0,80.0,0.48,147,148,-3000,725.0,1780.0,-3000,1615.0,1780.0,8.9,0.0,0.0,95.659859,136.398431,1.420888,-0.0
178,beam_y,60x80,60.0,80.0,0.48,152,153,-4000,0,1780.0,-4000,725.0,1780.0,7.25,0.0,0.0,74.362806,107.648579,-11.510319,-0.0
179,beam_y,60x80,60.0,80.0,0.48,153,154,-4000,725.0,1780.0,-4000,1615.0,1780.0,8.9,0.0,0.0,96.739771,144.606003,8.61802,-0.0
180,beam_y,60x80,60.0,80.0,0.48,155,156,-4500,0,1780.0,-4500,725.0,1780.0,7.25,0.0,0.0,62.496373,101.230366,2.133603,-0.0
181,beam_y,60x80,60.0,80.0,0.48,156,157,-4500,725.0,1780.0,-4500,1615.0,1780.0,8.9,0.0,0.0,75.395781,117.041343,-0.526978,-0.0
182,beam_x,60x80,60.0,80.0,0.48,29,38,-1000,0,712.0,-2000,0,712.0,10.0,0.0,0.0,161.705238,23.118553,342.915165,-0.0
183,beam_x,60x80,60.0,80.0,0.48,30,39,-1000,725.0,712.0,-2000,725.0,712.0,10.0,0.0,0.0,200.920546,6.620866,414.018496,-0.0
184,beam_x,60x80,60.0,80.0,0.48,31,40,-1000,1615.0,712.0,-2000,1615.0,712.0,10.0,0.0,0.0,122.908866,-45.087048,253.080998,-0.0
185,beam_x,60x80,60.0,80.0,0.48,60,70,-1000,0,1068.0,-2000,0,1068.0,10.0,0.0,-0.0,140.950882,26.547463,285.590249,0.0
186,beam_x,60x80,60.0,80.0,0.48,61,71,-1000,725.0,1068.0,-2000,725.0,1068.0,10.0,0.0,-0.0,197.861498,16.54288,413.279789,0.0
187,beam_x,60x80,60.0,80.0,0.48,62,72,-1000,1615.0,1068.0,-2000,1615.0,1068.0,10.0,0.0,-0.0,122.245953,-47.422874,246.427462,0.0
188,beam_x,60x80,60.0,80.0,0.48,94,104,-1000,0,1424.0,-2000,0,1424.0,10.0,0.0,0.0,232.376963,38.34479,357.500502,-0.0
189,beam_x,60x80,60.0,80.0,0.48,95,105,-1000,725.0,1424.0,-2000,725.0,1424.0,10.0,0.0,0.0,268.740088,12.56634,468.725184,-0.0
190,beam_x,60x80,60.0,80.0,0.48,96,106,-1000,1615.0,1424.0,-2000,1615.0,1424.0,10.0,0.0,-0.0,121.914376,-49.838214,240.30872,0.0
191,beam_x,60x80,60.0,80.0,0.48,132,139,-1000,0,1780.0,-2000,0,1780.0,10.0,0.0,-0.0,107.365438,32.540173,206.378692,0.0
192,beam_x,60x80,60.0,80.0,0.48,133,140,-1000,725.0,1780.0,-2000,725.0,1780.0,10.0,0.0,-0.0,202.737327,16.366029,399.644446,0.0
193,beam_x,60x80,60.0,80.0,0.48,134,141,-1000,1615.0,1780.0,-2000,1615.0,1780.0,10.0,0.0,-0.0,118.764876,-39.004851,222.341012,0.0
194,beam_x,60x80,60.0,80.0,0.48,120,126,-4500,0,1424.0,-5000,0,1424.0,5.0,0.0,-0.0,54.181492,29.913382,85.42779,0.0
195,beam_x,60x80,60.0,80.0,0.48,121,127,-4500,725.0,1424.0,-5000,725.0,1424.0,5.0,0.0,-0.0,94.072609,19.773256,143.007866,0.0
196,beam_x,60x80,60.0,80.0,0.48,122,128,-4500,1615.0,1424.0,-5000,1615.0,1424.0,5.0,0.0,-0.0,60.350398,-28.863359,96.042732,0.0
197,beam_x,60x80,60.0,80.0,0.48,155,161,-4500,0,1780.0,-5000,0,1780.0,5.0,0.0,-0.0,25.815144,9.86062,45.77323,0.0
198,beam_x,60x80,60.0,80.0,0.48,156,162,-4500,725.0,1780.0,-5000,725.0,1780.0,5.0,0.0,-0.0,44.131691,4.09679,75.544796,0.0
199,beam_x,60x80,60.0,80.0,0.48,157,163,-4500,1615.0,1780.0,-5000,1615.0,1780.0,5.0,0.0,-0.0,29.423059,-8.332968,52.896319,0.0
200,beam_y,60x80,60.0,80.0,0.48,126,127,-5000,0,1424.0,-5000,725.0,1424.0,7.25,-0.0,0.0,25.935752,47.162409,0.910144,0.0
201,beam_y,60x80,60.0,80.0,0.48,127,128,-5000,725.0,1424.0,-5000,1615.0,1424.0,8.9,0.0,0.0,25.412566,27.392547,0.599306,-0.0
202,beam_y,60x80,60.0,80.0,0.48,161,162,-5000,0,1780.0,-5000,725.0,1780.0,7.25,0.0,0.0,24.009797,39.337615,4.393434,-0.0
203,beam_y,60x80,60.0,80.0,0.48,162,163,-5000,725.0,1780.0,-5000,1615.0,1780.0,8.9,0.0,0.0,25.597115,25.125732,-1.992237,-0.0
204,beam_y,60x80,60.0,80.0,0.48,32,33,-1500,0,712.0,-1500,725.0,712.0,7.25,0.0,0.0,52.567613,54.773831,-14.731554,-0.0
205,beam_y,60x80,60.0,80.0,0.48,33,34,-1500,725.0,712.0,-1500,1615.0,712.0,8.9,-0.0,0.0,89.348004,94.94757,-2.879308,0.0
206,beam_y,60x80,60.0,80.0,0.48,47,48,-3500,0,712.0,-3500,725.0,712.0,7.25,0.0,0.0,69.229247,78.758968,2.274642,-0.0
207,beam_y,60x80,60.0,80.0,0.48,48,49,-3500,725.0,712.0,-3500,1615.0,712.0,8.9,-0.0,0.0,88.106335,88.004173,0.264205,0.0
208,beam_y,60x80,60.0,80.0,0.48,81,82,-3500,0,1068.0,-3500,725.0,1068.0,7.25,-0.0,0.0,72.013254,88.355971,0.929633,0.0
209,beam_y,60x80,60.0,80.0,0.48,82,83,-3500,725.0,1068.0,-3500,1615.0,1068.0,8.9,-0.0,0.0,88.543488,84.132182,0.534135,0.0
210,beam_y,60x80,60.0,80.0,0.48,114,115,-3500,0,1424.0,-3500,725.0,1424.0,7.25,-0.0,0.0,72.796721,89.912273,2.945634,0.0
211,beam_y,60x80,60.0,80.0,0.48,115,116,-3500,725.0,1424.0,-3500,1615.0,1424.0,8.9,0.0,0.0,87.866195,82.41055,1.010341,-0.0
212,beam_y,60x80,60.0,80.0,0.48,149,150,-3500,0,1780.0,-3500,725.0,1780.0,7.25,0.0,0.0,71.958579,86.631485,3.84003,-0.0
213,beam_y,60x80,60.0,80.0,0.48,150,151,-3500,725.0,1780.0,-3500,1615.0,1780.0,8.9,0.0,0.0,89.190096,79.258822,0.386477,-0.0
214,beam_y,60x80,60.0,80.0,0.48,41,42,-2500,0,712.0,-2500,725.0,712.0,7.25,0.0,0.0,68.351227,73.704358,-2.178299,-0.0
215,beam_y,60x80,60.0,80.0,0.48,42,43,-2500,725.0,712.0,-2500,1615.0,712.0,8.9,-0.0,0.0,89.997309,92.553175,-1.064171,0.0
216,beam_y,60x80,60.0,80.0,0.48,74,75,-2500,0,1068.0,-2500,725.0,1068.0,7.25,-0.0,0.0,73.51215,120.18657,0.030322,0.0
217,beam_y,60x80,60.0,80.0,0.48,75,76,-2500,725.0,1068.0,-2500,1615.0,1068.0,8.9,-0.0,0.0,89.833627,93.359873,-0.481661,0.0
218,beam_y,60x80,60.0,80.0,0.48,107,108,-2500,0,1424.0,-2500,725.0,1424.0,7.25,-0.0,0.0,68.00347,74.503562,0.810838,0.0
219,beam_y,60x80,60.0,80.0,0.48,108,109,-2500,725.0,1424.0,-2500,1615.0,1424.0,8.9,0.0,0.0,88.759223,89.364389,0.224529,-0.0
220,beam_y,60x80,60.0,80.0,0.48,142,143,-2500,0,1780.0,-2500,725.0,1780.0,7.25,0.0,0.0,65.348474,67.026032,1.118992,-0.0
221,beam_y,60x80,60.0,80.0,0.48,143,144,-2500,725.0,1780.0,-2500,1615.0,1780.0,8.9,0.0,0.0,90.874035,90.808479,0.220292,-0.0
222,beam_y,60x80,60.0,80.0,0.48,63,64,-1500,0,1068.0,-1500,725.0,1068.0,7.25,-0.0,0.0,57.355431,72.103483,-5.891384,0.0
223,beam_y,60x80,60.0,80.0,0.48,64,65,-1500,725.0,1068.0,-1500,1615.0,1068.0,8.9,-0.0,0.0,87.63967,82.740769,-3.328356,0.0
224,beam_y,60x80,60.0,80.0,0.48,100,101,-1500,0,1424.0,-1500,725.0,1424.0,7.25,-0.0,0.0,60.205001,73.522011,0.906178,0.0
225,beam_y,60x80,60.0,80.0,0.48,101,102,-1500,725.0,1424.0,-1500,1615.0,1424.0,8.9,0.0,0.0,86.539035,77.510737,5.541063,-0.0
226,beam_y,60x80,60.0,80.0,0.48,135,136,-1500,0,1780.0,-1500,725.0,1780.0,7.25,0.0,0.0,70.47037,80.189207,-4.195599,-0.0
227,beam_y,60x80,60.0,80.0,0.48,136,137,-1500,725.0,1780.0,-1500,1615.0,1780.0,8.9,0.0,0.0,89.034474,79.098607,0.477383,-0.0
228,beam_y,40x60,40.0,60.0,0.24,123,124,-4755.0,0,1424.0,-4755.0,725.0,1424.0,7.25,-0.0,0.0,38.251164,50.0505,1.779559,0.0
229,beam_y,40x60,40.0,60.0,0.24,124,125,-4755.0,725.0,1424.0,-4755.0,1615.0,1424.0,8.9,0.0,0.0,47.776037,69.6825,-0.878196,-0.0
230,beam_y,40x60,40.0,60.0,0.24,158,159,-4755.0,0,1780.0,-4755.0,725.0,1780.0,7.25,0.0,0.0,39.050267,53.128185,1.596734,-0.0
231,beam_y,40x60,40.0,60.0,0.24,159,160,-4755.0,725.0,1780.0,-4755.0,1615.0,1780.0,8.9,0.0,0.0,48.283714,72.070575,-0.748655,-0.0
232,beam_y,60x80,60.0,80.0,0.48,36,37,-1749.0,0,712.0,-1749.0,725.0,712.0,7.25,0.0,0.0,43.126313,51.29056,-18.229018,-0.0
233,beam_y,60x80,60.0,80.0,0.48,29,28,-1000,0,712.0,-1000,-412.0,712.0,4.12,0.0,0.0,52.069888,-129.234989,20.162833,0.0
234,beam_x,60x80,60.0,80.0,0.48,28,35,-1000,-412.0,712.0,-1749.0,-412.0,712.0,7.49,0.0,-0.0,49.624959,8.335396,59.456118,0.0
235,beam_y,60x80,60.0,80.0,0.48,35,36,-1749.0,-412.0,712.0,-1749.0,0,712.0,4.12,-0.0,0.0,-9.638736,-3.873619,-107.23501,0.0
236,beam_y,60x80,60.0,80.0,0.48,67,68,-1749.0,0,1068.0,-1749.0,725.0,1068.0,7.25,-0.0,0.0,51.556616,87.98236,-27.191059,0.0
237,beam_y,60x80,60.0,80.0,0.48,60,59,-1000,0,1068.0,-1000,-412.0,1068.0,4.12,0.0,0.0,35.40975,-84.631205,23.237221,0.0
238,beam_x,60x80,60.0,80.0,0.48,59,66,-1000,-412.0,1068.0,-1749.0,-412.0,1068.0,7.49,0.0,-0.0,44.161886,-2.086955,48.659919,0.0
239,beam_y,60x80,60.0,80.0,0.48,66,67,-1749.0,-412.0,1068.0,-1749.0,0,1068.0,4.12,-0.0,0.0,-18.947229,-19.191138,-91.818708,0.0
240,beam_x,30x45,30.0,45.0,0.135,69,73,-2000,-246.0,1068.0,-2500,-246.0,1068.0,5.0,0.0,-0.0,23.273082,0.999407,34.963659,0.0
241,beam_x,30x45,30.0,45.0,0.135,73,77,-2500,-246.0,1068.0,-3000,-246.0,1068.0,5.0,0.0,-0.0,2.270861,-0.806532,-17.665423,0.0
242,beam_y,60x80,60.0,80.0,0.48,70,69,-2000,0,1068.0,-2000,-246.0,1068.0,2.46,-0.0,0.0,53.488317,-120.288282,34.963659,-0.0
243,beam_y,60x80,60.0,80.0,0.48,74,73,-2500,0,1068.0,-2500,-246.0,1068.0,2.46,-0.0,0.0,51.178454,-107.117791,-0.390127,-0.0
244,beam_y,60x80,60.0,80.0,0.48,78,77,-3000,0,1068.0,-3000,-246.0,1068.0,2.46,-0.0,0.0,53.594957,-120.74349,-35.106729,-0.0
245,beam_y,60x80,60.0,80.0,0.48,98,99,-1220.0,0,1424.0,-1220.0,725.0,1424.0,7.25,-0.0,0.0,52.070979,84.960833,22.417733,0.0
246,beam_y,60x80,60.0,80.0,0.48,94,93,-1000,0,1424.0,-1000,-246.0,1424.0,2.46,-0.0,0.0,44.192031,-81.638207,41.09865,-0.0
247,beam_x,60x80,60.0,80.0,0.48,93,97,-1000,-246.0,1424.0,-1220.0,-246.0,1424.0,2.2,0.0,0.0,9.585148,16.895603,41.09865,-0.0
248,beam_y,60x80,60.0,80.0,0.48,97,98,-1220.0,-246.0,1424.0,-1220.0,0,1424.0,2.46,0.0,0.0,-23.439697,16.895603,27.373883,-0.0
249,beam_y,60x80,60.0,80.0,0.48,104,103,-2000,0,1424.0,-2000,-412.0,1424.0,4.12,-0.0,0.0,44.556292,-114.400895,21.059157,-0.0
250,beam_x,60x80,60.0,80.0,0.48,103,110,-2000,-412.0,1424.0,-3000,-412.0,1424.0,10.0,0.0,0.0,42.231609,-1.131138,37.427284,-0.0
251,beam_y,60x80,60.0,80.0,0.48,110,111,-3000,-412.0,1424.0,-3000,0,1424.0,4.12,0.0,0.0,-23.280511,-23.385596,28.621181,-0.0
252,beam_y,60x80,60.0,80.0,0.48,139,138,-2000,0,1780.0,-2000,-412.0,1780.0,4.12,0.0,0.0,40.741698,-105.109399,21.702055,0.0
253,beam_x,60x80,60.0,80.0,0.48,138,145,-2000,-412.0,1780.0,-3000,-412.0,1780.0,10.0,0.0,0.0,42.957855,-1.058024,34.85875,-0.0
254,beam_y,60x80,60.0,80.0,0.48,145,146,-3000,-412.0,1780.0,-3000,0,1780.0,4.12,-0.0,0.0,-19.177705,-16.843341,28.880722,0.0
255,column,70x70,70.0,70.0,0.49,182,185,1080.0,0,0,1080.0,0,356.0,3.56,-28.183636,30.096786,2605.796328,-37.043381,-30.590751,0.029579
256,column,70x70,70.0,70.0,0.49,185,188,1080.0,0,356.0,1080.0,0,712.0,3.56,-46.195709,59.502717,2096.350639,-110.041999,-84.146521,0.058661
257,column,70x70,70.0,70.0,0.49,188,191,1080.0,0,712.0,1080.0,0,1068.0,3.56,-41.459337,76.872296,1571.99035,-135.139515,-70.958629,-0.3626
258,column,70x70,70.0,70.0,0.49,191,194,1080.0,0,1068.0,1080.0,0,1424.0,3.56,-34.212314,66.088783,1040.688421,-120.413361,-60.593111,-0.390365
259,column,70x70,70.0,70.0,0.49,194,197,1080.0,0,1424.0,1080.0,0,1780.0,3.56,-45.119873,110.098769,499.569916,-175.264075,-65.240113,-0.669117
260,column,70x70,70.0,70.0,0.49,183,186,1080.0,725.0,0,1080.0,725.0,356.0,3.56,-39.100729,9.208546,4359.614413,-12.256003,-43.661545,0.029579
261,column,70x70,70.0,70.0,0.49,186,189,1080.0,725.0,356.0,1080.0,725.0,712.0,3.56,-66.468093,19.47535,3461.783066,-37.755478,-121.156083,0.058661
262,column,70x70,70.0,70.0,0.49,189,192,1080.0,725.0,712.0,1080.0,725.0,1068.0,3.56,-58.295211,35.532265,2587.436372,-63.370915,-100.390946,-0.3626
263,column,70x70,70.0,70.0,0.49,192,195,1080.0,725.0,1068.0,1080.0,725.0,1424.0,3.56,-48.747214,23.429432,1724.616012,-43.445858,-88.257276,-0.390365
264,column,70x70,70.0,70.0,0.49,195,198,1080.0,725.0,1424.0,1080.0,725.0,1780.0,3.56,-73.892037,50.065263,875.99196,-79.746956,-105.123381,-0.669117
265,column,70x70,70.0,70.0,0.49,184,187,1080.0,1615.0,0,1080.0,1615.0,356.0,3.56,-7.408715,-38.009306,2619.138111,43.775849,-6.195897,0.029579
266,column,70x70,70.0,70.0,0.49,187,190,1080.0,1615.0,356.0,1080.0,1615.0,712.0,3.56,-7.323509,-72.843024,2094.531822,127.82751,-13.360926,0.058661
267,column,70x70,70.0,70.0,0.49,190,193,1080.0,1615.0,712.0,1080.0,1615.0,1068.0,3.56,0.245377,-61.634973,1569.65899,105.453492,3.677167,-0.3626
268,column,70x70,70.0,70.0,0.49,193,196,1080.0,1615.0,1068.0,1080.0,1615.0,1424.0,3.56,8.727975,-69.842708,1042.681797,129.022918,14.948319,-0.390365
269,column,70x70,70.0,70.0,0.49,196,199,1080.0,1615.0,1424.0,1080.0,1615.0,1780.0,3.56,3.846453,-101.494675,514.309002,149.001272,21.668634,-0.669117
270,column,70x70,70.0,70.0,0.49,200,203,2080.0,0,0,2080.0,0,356.0,3.56,-3.416091,21.838019,2157.675472,-27.402762,-1.199932,0.029579
271,column,70x70,70.0,70.0,0.49,203,206,2080.0,0,356.0,2080.0,0,712.0,3.56,-5.569969,45.329889,1740.042098,-83.420482,-6.54649,0.058661
272,column,70x70,70.0,70.0,0.49,206,209,2080.0,0,712.0,2080.0,0,1068.0,3.56,-8.150292,61.133362,1310.7562,-107.171709,-12.613503,-0.3626
273,column,70x70,70.0,70.0,0.49,209,212,2080.0,0,1068.0,2080.0,0,1424.0,3.56,-10.272152,52.73796,877.193358,-95.034469,-11.475775,-0.390365
274,column,70x70,70.0,70.0,0.49,212,215,2080.0,0,1424.0,2080.0,0,1780.0,3.56,18.984081,83.513857,437.136854,-135.903795,18.530563,-0.669117
275,column,70x70,70.0,70.0,0.49,201,204,2080.0,725.0,0,2080.0,725.0,356.0,3.56,-14.716777,11.739524,3585.018885,-15.419214,-14.725923,0.029579
276,column,70x70,70.0,70.0,0.49,204,207,2080.0,725.0,356.0,2080.0,725.0,712.0,3.56,-26.548365,24.908306,2849.30853,-47.203323,-44.849051,0.058661
277,column,70x70,70.0,70.0,0.49,207,210,2080.0,725.0,712.0,2080.0,725.0,1068.0,3.56,-25.250842,38.161431,2128.668436,-67.661621,-42.742506,-0.3626
278,column,70x70,70.0,70.0,0.49,210,213,2080.0,725.0,1068.0,2080.0,725.0,1424.0,3.56,-25.340211,27.723803,1414.172586,-50.341041,-39.704103,-0.390365
279,column,70x70,70.0,70.0,0.49,213,216,2080.0,725.0,1424.0,2080.0,725.0,1780.0,3.56,-12.248894,49.477048,707.766673,-80.839944,-24.974071,-0.669117
280,column,70x70,70.0,70.0,0.49,202,205,2080.0,1615.0,0,2080.0,1615.0,356.0,3.56,-2.601355,-34.512573,2457.214061,39.466607,-0.491164,0.029579
281,column,70x70,70.0,70.0,0.49,205,208,2080.0,1615.0,356.0,2080.0,1615.0,712.0,3.56,-5.029032,-65.155849,1968.751944,114.558629,-4.933413,0.058661
282,column,70x70,70.0,70.0,0.49,208,211,2080.0,1615.0,712.0,2080.0,1615.0,1068.0,3.56,-3.581318,-55.183034,1480.683362,95.097454,-3.845799,-0.3626
283,column,70x70,70.0,70.0,0.49,211,214,2080.0,1615.0,1068.0,2080.0,1615.0,1424.0,3.56,-8.446303,-64.452452,993.178639,117.819904,-6.990881,-0.390365
284,column,70x70,70.0,70.0,0.49,214,217,2080.0,1615.0,1424.0,2080.0,1615.0,1780.0,3.56,30.409952,-83.114053,501.937745,127.105529,34.369566,-0.669117
285,column,70x70,70.0,70.0,0.49,218,219,2830.0,725.0,0,2830.0,725.0,356.0,3.56,-43.545289,8.261825,2782.63432,-11.412184,-48.935757,0.029579
286,column,70x70,70.0,70.0,0.49,219,220,2830.0,725.0,356.0,2830.0,725.0,712.0,3.56,-79.535799,18.956778,2201.993167,-36.011956,-141.937307,0.058661
287,column,70x70,70.0,70.0,0.49,220,221,2830.0,725.0,712.0,2830.0,725.0,1068.0,3.56,-77.788243,30.467818,1639.420558,-53.891566,-133.755476,-0.3626
288,column,70x70,70.0,70.0,0.49,221,222,2830.0,725.0,1068.0,2830.0,725.0,1424.0,3.56,-72.298354,21.667302,1089.498817,-38.55205,-129.10356,-0.390365
289,column,70x70,70.0,70.0,0.49,222,223,2830.0,725.0,1424.0,2830.0,725.0,1780.0,3.56,-101.806905,35.979763,549.920019,-61.108719,-153.297445,-0.669117
290,column,70x70,70.0,70.0,0.49,166,169,80.0,1615.0,0,80.0,1615.0,356.0,3.56,55.894787,-13.834042,1152.804481,15.247653,68.924258,0.029579
291,column,70x70,70.0,70.0,0.49,169,172,80.0,1615.0,356.0,80.0,1615.0,712.0,3.56,102.741985,-28.489136,925.891527,46.503559,192.370282,0.058661
292,column,70x70,70.0,70.0,0.49,172,175,80.0,1615.0,712.0,80.0,1615.0,1068.0,3.56,102.336548,-17.0049,693.455321,26.274255,180.316254,-0.3626
293,column,70x70,70.0,70.0,0.49,175,178,80.0,1615.0,1068.0,80.0,1615.0,1424.0,3.56,92.056486,-23.755033,458.623838,47.439423,179.48878,-0.390365
294,column,70x70,70.0,70.0,0.49,178,181,80.0,1615.0,1424.0,80.0,1615.0,1780.0,3.56,169.944455,-42.141184,217.455157,49.264753,251.997469,-0.669117
295,wall,60x291.5,60.0,291.5,1.749,9364,9365,3195.0,36.75,0.0,3195.0,36.75,356.0,3.56,-35.573095,50.051143,842.855002,-64.034017,137.665604,-11.719697
296,wall,60x291.5,60.0,291.5,1.749,9365,9366,3195.0,36.75,356.0,3195.0,36.75,712.0,3.56,60.143752,105.01402,698.407863,-193.110729,271.686041,6.209585
297,wall,60x291.5,60.0,291.5,1.749,9366,9367,3195.0,36.75,712.0,3195.0,36.75,1068.0,3.56,-49.571577,139.811056,470.791412,-242.659699,54.995076,-14.310496
298,wall,60x291.5,60.0,291.5,1.749,9367,9368,3195.0,36.75,1068.0,3195.0,36.75,1424.0,3.56,-60.904263,120.575123,300.322774,-218.192332,217.998374,-19.340195
299,wall,60x291.5,60.0,356.0,2.136,9368,9369,3195.0,36.75,1424.0,3195.0,36.75,1780.0,3.56,89.599793,212.208673,210.35457,-348.489334,430.70443,17.939239
300,wall,30x356,30.0,356.0,1.068,9370,9371,3020.0,-15.0,0.0,3195.0,-15.0,356.0,3.9669,128.8997,5.067029,269.330899,44.659399,58.98722,107.313689
301,wall,30x356,30.0,356.0,1.068,9372,9373,3020.0,-15.0,356.0,3195.0,-15.0,712.0,3.9669,480.706416,10.217851,784.630935,173.204512,433.956338,388.103582
302,wall,30x356,30.0,356.0,1.068,9374,9375,3020.0,-15.0,712.0,3195.0,-15.0,1068.0,3.9669,628.458229,16.065708,1038.510956,204.85452,577.514546,475.452206
303,wall,30x356,30.0,356.0,1.068,9376,9377,3020.0,-15.0,1068.0,3195.0,-15.0,1424.0,3.9669,926.630128,14.769911,1335.452615,248.194227,1032.460642,555.916715
304,wall,30x356,30.0,356.0,1.068,9378,9379,3020.0,-15.0,1424.0,3195.0,-15.0,1780.0,3.9669,1206.815874,17.704628,1581.194594,257.361758,1593.99759,587.089287
305,wall,60x292,60.0,292.0,1.752,9380,9381,3195.0,1578.5,0.0,3195.0,1578.5,356.0,3.56,-28.847227,-55.877676,1118.902851,62.143163,127.764225,-0.669041
306,wall,60x292,60.0,292.0,1.752,9381,9382,3195.0,1578.5,356.0,3195.0,1578.5,712.0,3.56,-12.64839,-106.362832,961.789405,182.069993,205.921377,-9.56772
307,wall,60x292,60.0,292.0,1.752,9382,9383,3195.0,1578.5,712.0,3195.0,1578.5,1068.0,3.56,16.835037,-99.046764,634.433541,167.539869,236.898318,-19.944778
308,wall,60x292,60.0,292.0,1.752,9383,9384,3195.0,1578.5,1068.0,3195.0,1578.5,1424.0,3.56,-125.203988,-132.727699,403.109176,239.776309,147.238189,-2.457289
309,wall,60x292,60.0,356.0,2.136,9384,9385,3195.0,1578.5,1424.0,3195.0,1578.5,1780.0,3.56,120.275847,-184.225047,279.967709,292.99065,576.497468,-48.774446
310,wall,30x356,30.0,356.0,1.068,9386,9387,3020.0,1630.0,0.0,3195.0,1630.0,356.0,3.9669,133.285608,-4.93623,309.891298,-62.89478,16.191764,-141.601607
311,wall,30x356,30.0,356.0,1.068,9388,9389,3020.0,1630.0,356.0,3195.0,1630.0,712.0,3.9669,487.251645,-6.517224,884.992723,-299.019345,356.883909,-624.384487
312,wall,30x356,30.0,356.0,1.068,9390,9391,3020.0,1630.0,712.0,3195.0,1630.0,1068.0,3.9669,790.132246,-5.469101,1272.255847,-373.661686,741.498843,-767.13148
313,wall,30x356,30.0,356.0,1.068,9392,9393,3020.0,1630.0,1068.0,3195.0,1630.0,1424.0,3.9669,1092.382806,-9.715993,1617.250335,-401.938297,1172.397794,-841.056676
314,wall,30x356,30.0,356.0,1.068,9394,9395,3020.0,1630.0,1424.0,3195.0,1630.0,1780.0,3.9669,1458.402698,-8.115916,1930.677256,-436.254588,1896.177289,-902.707718
315,wall,25x795,25.0,795.0,1.9875,9396,9397,57.5,362.5,0.0,57.5,362.5,356.0,3.56,22.68366,-0.30463,2242.60425,-0.647538,1768.586647,0.0
316,wall,25x795,25.0,795.0,1.9875,9397,9398,57.5,362.5,356.0,57.5,362.5,712.0,3.56,53.854249,-0.151903,1764.600562,-1.732023,1687.832819,0.0
317,wall,25x795,25.0,795.0,1.9875,9398,9399,57.5,362.5,712.0,57.5,362.5,1068.0,3.56,85.07129,0.43763,1284.973113,-2.272796,1496.111692,0.0
318,wall,25x795,25.0,795.0,1.9875,9399,9400,57.5,362.5,1068.0,57.5,362.5,1424.0,3.56,180.214136,-0.02035,802.671357,-0.714835,1193.257899,0.0
319,wall,25x795,25.0,356.0,0.89,9400,9401,57.5,362.5,1424.0,57.5,362.5,1780.0,3.56,154.970667,0.221146,365.833815,-0.787281,551.695576,0.0
320,wall,25x585,25.0,585.0,1.4625,9402,9403,57.5,1292.5,0.0,57.5,1292.5,356.0,3.56,-102.936541,0.219659,503.633236,-0.704235,429.697187,6.166012
321,wall,25x585,25.0,585.0,1.4625,9403,9404,57.5,1292.5,356.0,57.5,1292.5,712.0,3.56,50.030097,-1.478614,381.0514,0.077752,796.151271,12.228222
322,wall,25x585,25.0,585.0,1.4625,9404,9405,57.5,1292.5,712.0,57.5,1292.5,1068.0,3.56,-80.416864,2.428387,258.469564,-5.186116,618.044125,-75.586315
323,wall,25x585,25.0,585.0,1.4625,9405,9406,57.5,1292.5,1068.0,57.5,1292.5,1424.0,3.56,102.07554,-1.745015,135.887728,3.45894,904.32816,-81.3742
324,wall,25x585,25.0,356.0,0.89,9406,9407,57.5,1292.5,1424.0,57.5,1292.5,1780.0,3.56,151.949224,0.773403,37.298405,-2.753314,540.939239,-31.434023
325,wall,30x2695,269.5,30.0,0.8085,9408,9409,199.75,1292.0,0.0,199.75,1292.0,356.0,3.56,-9.432859,0.201414,1041.333745,-0.599011,53.553835,0.723426
326,wall,30x2695,269.5,30.0,0.8085,9409,9410,199.75,1292.0,356.0,199.75,1292.0,712.0,3.56,-2.061013,-1.25082,973.567991,0.118023,87.134814,1.434674
327,wall,30x2695,269.5,30.0,0.8085,9410,9411,199.75,1292.0,712.0,199.75,1292.0,1068.0,3.56,19.669163,2.289981,905.802238,-4.334898,94.472019,-8.868152
328,wall,30x2695,269.5,30.0,0.8085,9411,9412,199.75,1292.0,1068.0,199.75,1292.0,1424.0,3.56,-96.531355,-2.819952,838.036484,3.817434,24.4498,-9.547215
329,wall,30x2695,269.5,356.0,9.5942,9412,9413,199.75,1292.0,1424.0,199.75,1292.0,1780.0,3.56,103.399276,1.747639,402.076804,-6.221595,368.101423,-338.858773
330,wall,25x282,25.0,282.0,0.705,9414,9415,322.0,1136.0,0.0,322.0,1136.0,356.0,3.56,-10.782686,0.101661,281.414369,-0.342218,49.604275,0.690691
331,wall,25x282,25.0,282.0,0.705,9415,9416,322.0,1136.0,356.0,322.0,1136.0,712.0,3.56,3.860974,-0.693443,222.323638,0.019694,87.990636,1.369756
332,wall,25x282,25.0,282.0,0.705,9416,9417,322.0,1136.0,712.0,322.0,1136.0,1068.0,3.56,4.708481,1.197042,163.232906,-2.448963,74.245569,-8.46687
333,wall,25x282,25.0,282.0,0.705,9417,9418,322.0,1136.0,1068.0,322.0,1136.0,1424.0,3.56,-48.234385,-1.053199,104.142175,1.812505,57.483376,-9.115205
334,wall,25x282,25.0,356.0,0.89,9418,9419,322.0,1136.0,1424.0,322.0,1136.0,1780.0,3.56,64.381401,0.544068,37.298405,-1.936883,229.197787,-31.434023
335,beam_x,60x80,60.0,80.0,0.48,167,185,60.0,0,356.0,1080.0,0,356.0,10.2,-13.891969,-0.076364,93.651101,-0.0,0.0,0.0
336,beam_x,60x80,60.0,80.0,0.48,170,188,60.0,0,712.0,1080.0,0,712.0,10.2,-10.557049,-0.294766,94.605082,-0.0,-0.0,0.0
337,beam_x,60x80,60.0,80.0,0.48,173,191,60.0,0,1068.0,1080.0,0,1068.0,10.2,-63.277658,0.22899,95.723888,-0.0,-0.0,0.0
338,beam_x,60x80,60.0,80.0,0.48,176,194,60.0,0,1424.0,1080.0,0,1424.0,10.2,-25.431692,-0.120748,96.422633,-0.0,0.0,0.0
339,beam_x,60x80,60.0,80.0,0.48,179,197,60.0,0,1780.0,1080.0,0,1780.0,10.2,1.127057,0.110573,97.612147,-0.0,0.0,0.0
340,beam_x,60x80,60.0,80.0,0.48,168,186,60.0,725.0,356.0,1080.0,725.0,356.0,10.2,-17.278621,-0.076364,159.001191,0.0,-0.0,-0.0
341,beam_x,60x80,60.0,80.0,0.48,171,189,60.0,725.0,712.0,1080.0,725.0,712.0,10.2,-20.659992,-0.294766,159.670971,0.0,-0.0,0.0
342,beam_x,60x80,60.0,80.0,0.48,174,192,60.0,725.0,1068.0,1080.0,725.0,1068.0,10.2,-31.865188,0.22899,161.226473,0.0,0.0,0.0
343,beam_x,60x80,60.0,80.0,0.48,177,195,60.0,725.0,1424.0,1080.0,725.0,1424.0,10.2,50.67516,-0.120748,161.057893,0.0,-0.0,0.0
344,beam_x,60x80,60.0,80.0,0.48,180,198,60.0,725.0,1780.0,1080.0,725.0,1780.0,10.2,153.843611,0.110573,172.157439,-0.0,-0.0,0.0
345,beam_x,60x80,60.0,80.0,0.48,169,187,80.0,1615.0,356.0,1080.0,1615.0,356.0,10.0,0.0,-0.0,157.59,-80.505094,-322.431467,-0.0
346,beam_x,60x80,60.0,80.0,0.48,172,190,80.0,1615.0,712.0,1080.0,1615.0,712.0,10.0,0.0,-0.0,163.113253,-81.192019,-353.707437,-0.0
347,beam_x,60x80,60.0,80.0,0.48,175,193,80.0,1615.0,1068.0,1080.0,1615.0,1068.0,10.0,0.0,0.0,165.508529,-81.702614,-363.490638,0.0
348,beam_x,60x80,60.0,80.0,0.48,178,196,80.0,1615.0,1424.0,1080.0,1615.0,1424.0,10.0,0.0,-0.0,171.845727,-86.393247,-400.229781,-0.0
349,beam_x,60x80,60.0,80.0,0.48,181,199,80.0,1615.0,1780.0,1080.0,1615.0,1780.0,10.0,0.0,0.0,168.667281,-100.757862,-353.004792,0.0
350,beam_y,60x80,60.0,80.0,0.48,187,186,1080.0,1615.0,356.0,1080.0,725.0,356.0,8.9,0.0,0.0,87.203185,-111.149381,10.084237,0.0
351,beam_y,60x80,60.0,80.0,0.48,186,185,1080.0,725.0,356.0,1080.0,0,356.0,7.25,-0.0,0.0,66.160094,-73.298456,-4.156644,-0.0
352,beam_y,60x80,60.0,80.0,0.48,190,189,1080.0,1615.0,712.0,1080.0,725.0,712.0,8.9,0.0,0.0,89.833486,-123.497167,8.744119,0.0
353,beam_y,60x80,60.0,80.0,0.48,189,188,1080.0,725.0,712.0,1080.0,0,712.0,7.25,-0.0,0.0,54.410851,-31.359465,-3.55244,-0.0
354,beam_y,60x80,60.0,80.0,0.48,193,192,1080.0,1615.0,1068.0,1080.0,725.0,1068.0,8.9,0.0,0.0,91.544434,-128.99553,8.815513,0.0
355,beam_y,60x80,60.0,80.0,0.48,192,191,1080.0,725.0,1068.0,1080.0,0,1068.0,7.25,0.0,0.0,49.279722,-11.617789,-3.902357,0.0
356,beam_y,60x80,60.0,80.0,0.48,196,195,1080.0,1615.0,1424.0,1080.0,725.0,1424.0,8.9,-0.0,0.0,94.725175,-146.447969,8.336609,-0.0
357,beam_y,60x80,60.0,80.0,0.48,195,194,1080.0,725.0,1424.0,1080.0,0,1424.0,7.25,0.0,0.0,42.92562,10.7663,-2.731449,0.0
358,beam_y,60x80,60.0,80.0,0.48,199,198,1080.0,1615.0,1780.0,1080.0,725.0,1780.0,8.9,-0.0,0.0,88.179632,-96.322481,14.501489,-0.0
359,beam_y,60x80,60.0,80.0,0.48,198,197,1080.0,725.0,1780.0,1080.0,0,1780.0,7.25,-0.0,0.0,56.361312,-30.812006,-10.135163,-0.0
360,beam_x,60x80,60.0,80.0,0.48,185,203,1080.0,0,356.0,2080.0,0,356.0,10.0,0.0,-0.0,122.362736,30.670361,-298.073074,-0.0
361,beam_x,60x80,60.0,80.0,0.48,186,204,1080.0,725.0,356.0,2080.0,725.0,356.0,10.0,0.0,-0.0,228.431952,15.726302,-541.05271,-0.0
362,beam_x,60x80,60.0,80.0,0.48,205,187,2080.0,1615.0,356.0,1080.0,1615.0,356.0,10.0,0.0,0.0,129.582392,-43.265734,289.584471,-0.0
363,beam_y,60x80,60.0,80.0,0.48,205,204,2080.0,1615.0,356.0,2080.0,725.0,356.0,8.9,0.0,0.0,78.565167,-96.20881,3.901821,0.0
364,beam_y,60x80,60.0,80.0,0.48,204,203,2080.0,725.0,356.0,2080.0,0,356.0,7.25,-0.0,0.0,61.169225,-71.238982,-4.305356,-0.0
365,beam_x,60x80,60.0,80.0,0.48,188,206,1080.0,0,712.0,2080.0,0,712.0,10.0,0.0,-0.0,124.065555,37.530693,-298.800606,-0.0
366,beam_x,60x80,60.0,80.0,0.48,189,207,1080.0,725.0,712.0,2080.0,725.0,712.0,10.0,0.0,-0.0,223.750245,18.953036,-523.591188,-0.0
367,beam_x,60x80,60.0,80.0,0.48,208,190,2080.0,1615.0,712.0,1080.0,1615.0,712.0,10.0,0.0,0.0,129.407433,-45.956678,285.572294,-0.0
368,beam_y,60x80,60.0,80.0,0.48,208,207,2080.0,1615.0,712.0,2080.0,725.0,712.0,8.9,0.0,0.0,79.87443,-102.775975,3.044234,0.0
369,beam_y,60x80,60.0,80.0,0.48,207,206,2080.0,725.0,712.0,2080.0,0,712.0,7.25,-0.0,0.0,51.760886,-37.050032,-3.677435,-0.0
370,beam_x,60x80,60.0,80.0,0.48,191,209,1080.0,0,1068.0,2080.0,0,1068.0,10.0,0.0,0.0,125.788887,39.897801,-305.256266,0.0
371,beam_x,60x80,60.0,80.0,0.48,192,210,1080.0,725.0,1068.0,2080.0,725.0,1068.0,10.0,0.0,0.0,222.582447,19.951657,-522.646209,0.0
372,beam_x,60x80,60.0,80.0,0.48,211,193,2080.0,1615.0,1068.0,1080.0,1615.0,1068.0,10.0,0.0,-0.0,128.371704,-47.308085,279.992156,0.0
373,beam_y,60x80,60.0,80.0,0.48,211,210,2080.0,1615.0,1068.0,2080.0,725.0,1068.0,8.9,0.0,0.0,80.938248,-105.772925,2.871274,0.0
374,beam_y,60x80,60.0,80.0,0.48,210,209,2080.0,725.0,1068.0,2080.0,0,1068.0,7.25,0.0,0.0,47.964347,-22.420606,-3.879972,0.0
375,beam_x,60x80,60.0,80.0,0.48,194,212,1080.0,0,1424.0,2080.0,0,1424.0,10.0,0.0,0.0,128.509814,43.880141,-312.936769,0.0
376,beam_x,60x80,60.0,80.0,0.48,195,213,1080.0,725.0,1424.0,2080.0,725.0,1424.0,10.0,0.0,0.0,220.978319,21.583304,-516.684933,0.0
377,beam_x,60x80,60.0,80.0,0.48,214,196,2080.0,1615.0,1424.0,1080.0,1615.0,1424.0,10.0,0.0,0.0,126.954076,-49.698458,267.836062,-0.0
378,beam_y,60x80,60.0,80.0,0.48,214,213,2080.0,1615.0,1424.0,2080.0,725.0,1424.0,8.9,-0.0,0.0,82.996294,-117.02301,1.465013,-0.0
379,beam_y,60x80,60.0,80.0,0.48,213,212,2080.0,725.0,1424.0,2080.0,0,1424.0,7.25,0.0,0.0,43.699631,-7.066705,-2.960529,0.0
380,beam_x,60x80,60.0,80.0,0.48,197,215,1080.0,0,1780.0,2080.0,0,1780.0,10.0,0.0,0.0,126.333649,32.731599,-321.172053,0.0
381,beam_x,60x80,60.0,80.0,0.48,198,216,1080.0,725.0,1780.0,2080.0,725.0,1780.0,10.0,0.0,0.0,230.412467,16.237733,-568.009411,0.0
382,beam_x,60x80,60.0,80.0,0.48,217,199,2080.0,1615.0,1780.0,1080.0,1615.0,1780.0,10.0,0.0,0.0,127.653663,-45.015266,288.447749,-0.0
383,beam_y,60x80,60.0,80.0,0.48,217,216,2080.0,1615.0,1780.0,2080.0,725.0,1780.0,8.9,-0.0,0.0,78.952745,-84.665055,10.294703,-0.0
384,beam_y,60x80,60.0,80.0,0.48,216,215,2080.0,725.0,1780.0,2080.0,0,1780.0,7.25,-0.0,0.0,52.503067,-35.510103,-10.86009,-0.0
385,beam_x,60x80,60.0,80.0,0.48,203,309,2080.0,0,356.0,3205.0,0,356.0,11.25,0.0,0.0,114.715531,30.329518,-228.327797,0.0
386,beam_x,60x80,60.0,80.0,0.48,206,310,2080.0,0,712.0,3205.0,0,712.0,11.25,0.0,-0.0,114.756988,42.13283,-223.532314,-0.0
387,beam_x,60x80,60.0,80.0,0.48,209,311,2080.0,0,1068.0,3205.0,0,1068.0,11.25,0.0,-0.0,115.077129,47.197138,-220.867827,-0.0
388,beam_x,60x80,60.0,80.0,0.48,212,312,2080.0,0,1424.0,3205.0,0,1424.0,11.25,0.0,-0.0,118.000956,52.297988,-232.722911,-0.0
389,beam_x,60x80,60.0,80.0,0.48,215,313,2080.0,0,1780.0,3205.0,0,1780.0,11.25,0.0,0.0,145.40968,24.074832,-307.721418,0.0
390,beam_y,80x80,80.0,80.0,0.64,398,399,3205.0,-109.0,356.0,3205.0,1724.5,356.0,18.335,-70.63216,-0.697298,57.725238,77.997338,8.660817,23.686202
391,beam_y,80x80,80.0,80.0,0.64,400,401,3205.0,-109.0,712.0,3205.0,1724.5,712.0,18.335,22.953789,-2.642177,364.329293,266.347018,35.175828,-7.7755
392,beam_y,80x80,80.0,80.0,0.64,402,403,3205.0,-109.0,1068.0,3205.0,1724.5,1068.0,18.335,31.509441,-3.726638,468.464034,343.992024,48.816455,-10.645883
393,beam_y,80x80,80.0,80.0,0.64,404,405,3205.0,-109.0,1424.0,3205.0,1724.5,1424.0,18.335,35.861124,-3.832343,557.734598,404.245272,73.257364,-12.100515
394,beam_y,80x80,80.0,80.0,0.64,406,407,3205.0,-109.0,1780.0,3205.0,1724.5,1780.0,18.335,40.992788,-4.333672,468.540684,368.838615,110.157056,-13.836142
395,beam_x,60x80,60.0,80.0,0.48,205,231,2080.0,1615.0,356.0,3205.0,1615.0,356.0,11.25,0.0,0.0,139.51202,-58.482238,-279.78322,0.0
396,beam_x,60x80,60.0,80.0,0.48,208,232,2080.0,1615.0,712.0,3205.0,1615.0,712.0,11.25,0.0,-0.0,137.984182,-63.760993,-271.800788,-0.0
397,beam_x,60x80,60.0,80.0,0.48,211,233,2080.0,1615.0,1068.0,3205.0,1615.0,1068.0,11.25,0.0,-0.0,137.392233,-66.093043,-266.968856,-0.0
398,beam_x,60x80,60.0,80.0,0.48,214,234,2080.0,1615.0,1424.0,3205.0,1615.0,1424.0,11.25,0.0,-0.0,140.487987,-72.014885,-280.592684,-0.0
399,beam_x,60x80,60.0,80.0,0.48,217,235,2080.0,1615.0,1780.0,3205.0,1615.0,1780.0,11.25,0.0,0.0,175.063877,-39.100179,-372.632315,0.0
400,beam_x,60x80,60.0,80.0,0.48,204,219,2080.0,725.0,356.0,2830.0,725.0,356.0,7.5,0.0,0.0,199.085031,15.298247,-364.455927,0.0
401,beam_x,60x80,60.0,80.0,0.48,207,220,2080.0,725.0,712.0,2830.0,725.0,712.0,7.5,0.0,-0.0,195.603644,18.734,-354.847154,-0.0
402,beam_x,60x80,60.0,80.0,0.48,210,221,2080.0,725.0,1068.0,2830.0,725.0,1068.0,7.5,0.0,-0.0,196.033543,19.347976,-355.175976,-0.0
403,beam_x,60x80,60.0,80.0,0.48,213,222,2080.0,725.0,1424.0,2830.0,725.0,1424.0,7.5,0.0,-0.0,196.037093,20.799908,-360.123819,-0.0
404,beam_x,60x80,60.0,80.0,0.48,216,223,2080.0,725.0,1780.0,2830.0,725.0,1780.0,7.5,0.0,0.0,209.201888,15.034451,-389.157417,0.0
405,beam_y,60x80,60.0,80.0,0.48,408,412,580.0,0,356.0,580.0,725.0,356.0,7.25,0.0,0.0,106.407946,79.598854,10.96889,-0.0
406,beam_y,60x80,60.0,80.0,0.48,412,415,580.0,725.0,356.0,580.0,1615.0,356.0,8.9,-0.0,0.0,75.456366,24.231091,-29.854904,0.0
407,beam_y,60x80,60.0,80.0,0.48,409,413,1580.0,0,356.0,1580.0,725.0,356.0,7.25,0.0,0.0,66.917625,66.134652,-0.589352,-0.0
408,beam_y,60x80,60.0,80.0,0.48,413,416,1580.0,725.0,356.0,1580.0,1615.0,356.0,8.9,-0.0,0.0,88.806958,87.399295,1.27053,0.0
409,beam_y,60x80,60.0,80.0,0.48,410,414,2455.0,0,356.0,2455.0,725.0,356.0,7.25,0.0,0.0,51.162367,29.016718,26.741218,-0.0
410,beam_y,60x80,60.0,80.0,0.48,414,417,2455.0,725.0,356.0,2455.0,1615.0,356.0,8.9,-0.0,0.0,106.569272,179.510992,8.768771,0.0
411,beam_y,60x80,60.0,80.0,0.48,411,219,2830.0,0,356.0,2830.0,725.0,356.0,7.25,0.0,0.0,65.868294,46.439023,-31.72798,-0.0
412,beam_y,60x80,60.0,80.0,0.48,219,418,2830.0,725.0,356.0,2830.0,1615.0,356.0,8.9,-0.0,0.0,148.572055,299.052529,14.914709,0.0
413,beam_y,60x80,60.0,80.0,0.48,419,420,580.0,0,712.0,580.0,725.0,712.0,7.25,0.0,0.0,108.824466,86.279512,7.327954,-0.0
414,beam_y,60x80,60.0,80.0,0.48,420,421,580.0,725.0,712.0,580.0,1615.0,712.0,8.9,-0.0,0.0,74.119263,15.953926,-28.133671,0.0
415,beam_y,60x80,60.0,80.0,0.48,422,423,1580.0,0,712.0,1580.0,725.0,712.0,7.25,0.0,0.0,70.823171,78.534725,0.404271,-0.0
416,beam_y,60x80,60.0,80.0,0.48,423,424,1580.0,725.0,712.0,1580.0,1615.0,712.0,8.9,-0.0,0.0,87.159524,77.726523,-0.529995,0.0
417,beam_y,60x80,60.0,80.0,0.48,425,426,2455.0,0,712.0,2455.0,725.0,712.0,7.25,-0.0,0.0,55.020505,38.464472,24.030508,0.0
418,beam_y,60x80,60.0,80.0,0.48,426,427,2455.0,725.0,712.0,2455.0,1615.0,712.0,8.9,-0.0,0.0,105.475271,171.096904,10.409716,0.0
419,beam_y,60x80,60.0,80.0,0.48,428,220,2830.0,0,712.0,2830.0,725.0,712.0,7.25,-0.0,0.0,70.331618,59.533644,-32.329368,0.0
420,beam_y,60x80,60.0,80.0,0.48,220,429,2830.0,725.0,712.0,2830.0,1615.0,712.0,8.9,-0.0,0.0,144.631075,284.048068,21.955289,0.0
421,beam_y,60x80,60.0,80.0,0.48,430,431,580.0,0,1068.0,580.0,725.0,1068.0,7.25,-0.0,0.0,110.03045,88.465429,4.776485,0.0
422,beam_y,60x80,60.0,80.0,0.48,431,432,580.0,725.0,1068.0,580.0,1615.0,1068.0,8.9,-0.0,0.0,73.364291,10.007358,-26.001897,0.0
423,beam_y,60x80,60.0,80.0,0.48,433,434,1580.0,0,1068.0,1580.0,725.0,1068.0,7.25,-0.0,0.0,72.706767,83.31394,0.878137,0.0
424,beam_y,60x80,60.0,80.0,0.48,434,435,1580.0,725.0,1068.0,1580.0,1615.0,1068.0,8.9,-0.0,0.0,86.161537,70.478166,-1.573857,0.0
425,beam_y,60x80,60.0,80.0,0.48,436,437,2455.0,0,1068.0,2455.0,725.0,1068.0,7.25,-0.0,0.0,57.103227,42.761866,22.693283,0.0
426,beam_y,60x80,60.0,80.0,0.48,437,438,2455.0,725.0,1068.0,2455.0,1615.0,1068.0,8.9,0.0,0.0,104.539752,163.42559,12.369893,-0.0
427,beam_y,60x80,60.0,80.0,0.48,439,221,2830.0,0,1068.0,2830.0,725.0,1068.0,7.25,-0.0,0.0,72.514267,65.360801,-31.949813,0.0
428,beam_y,60x80,60.0,80.0,0.48,221,440,2830.0,725.0,1068.0,2830.0,1615.0,1068.0,8.9,0.0,0.0,141.408977,270.073185,23.485893,-0.0
429,beam_y,60x80,60.0,80.0,0.48,441,442,580.0,0,1424.0,580.0,725.0,1424.0,7.25,-0.0,0.0,111.470742,91.987494,2.766761,0.0
430,beam_y,60x80,60.0,80.0,0.48,442,443,580.0,725.0,1424.0,580.0,1615.0,1424.0,8.9,0.0,0.0,71.578666,3.067793,-26.203732,-0.0
431,beam_y,60x80,60.0,80.0,0.48,444,445,1580.0,0,1424.0,1580.0,725.0,1424.0,7.25,-0.0,0.0,74.732814,89.74908,1.736407,0.0
432,beam_y,60x80,60.0,80.0,0.48,445,446,1580.0,725.0,1424.0,1580.0,1615.0,1424.0,8.9,0.0,0.0,84.812731,64.778331,-2.672654,-0.0
433,beam_y,60x80,60.0,80.0,0.48,447,448,2455.0,0,1424.0,2455.0,725.0,1424.0,7.25,-0.0,0.0,59.034577,47.572228,22.048753,0.0
434,beam_y,60x80,60.0,80.0,0.48,448,449,2455.0,725.0,1424.0,2455.0,1615.0,1424.0,8.9,-0.0,0.0,104.001723,159.03232,12.240199,0.0
435,beam_y,60x80,60.0,80.0,0.48,450,222,2830.0,0,1424.0,2830.0,725.0,1424.0,7.25,-0.0,0.0,73.718681,69.77671,-31.678606,0.0
436,beam_y,60x80,60.0,80.0,0.48,222,451,2830.0,725.0,1424.0,2830.0,1615.0,1424.0,8.9,-0.0,0.0,138.452693,259.772232,27.162348,0.0
437,beam_y,60x80,60.0,80.0,0.48,452,453,580.0,0,1780.0,580.0,725.0,1780.0,7.25,0.0,0.0,107.258603,85.527267,5.735863,-0.0
438,beam_y,60x80,60.0,80.0,0.48,453,454,580.0,725.0,1780.0,580.0,1615.0,1780.0,8.9,0.0,0.0,119.239107,44.715114,-23.307301,-0.0
439,beam_y,60x80,60.0,80.0,0.48,455,456,1580.0,0,1780.0,1580.0,725.0,1780.0,7.25,0.0,0.0,71.566787,74.994275,-0.946739,-0.0
440,beam_y,60x80,60.0,80.0,0.48,456,457,1580.0,725.0,1780.0,1580.0,1615.0,1780.0,8.9,0.0,0.0,86.964908,64.31357,-0.016103,-0.0
441,beam_y,60x80,60.0,80.0,0.48,458,459,2455.0,0,1780.0,2455.0,725.0,1780.0,7.25,0.0,0.0,53.073787,30.344677,47.586148,-0.0
442,beam_y,60x80,60.0,80.0,0.48,459,460,2455.0,725.0,1780.0,2455.0,1615.0,1780.0,8.9,0.0,0.0,109.564591,186.432692,2.082215,-0.0
443,beam_y,60x80,60.0,80.0,0.48,461,223,2830.0,0,1780.0,2830.0,725.0,1780.0,7.25,0.0,0.0,50.912702,11.367907,-34.329255,-0.0
444,beam_y,60x80,60.0,80.0,0.48,223,462,2830.0,725.0,1780.0,2830.0,1615.0,1780.0,8.9,0.0,0.0,148.198978,308.294496,19.068829,-0.0
445,wall,30x725,30.0,725.0,2.175,9420,9421,-1005.0,362.5,0.0,-1005.0,362.5,356.0,3.56,13.336266,5.966263,378.777909,-7.70442,26.557616,14.312584
446,wall,30x1000,30.0,356.0,1.068,9422,9423,0.0,-15.0,0.0,-1000.0,-15.0,356.0,10.6148,-195.716587,0.013574,154.661636,-113.182091,625.095007,40.209361
447,wall,30x725,30.0,725.0,2.175,9424,9425,15.0,362.5,0.0,15.0,362.5,356.0,3.56,29.391128,3.800269,651.786885,-5.588516,312.468497,0.093199
448,wall,30x725,30.0,725.0,2.175,9425,9426,15.0,362.5,356.0,15.0,362.5,712.0,3.56,24.306329,17.833893,303.745148,-28.122609,148.72368,-2.1716
449,wall,30x890,30.0,890.0,2.67,9427,9428,-1005.0,1170.0,0.0,-1005.0,1170.0,356.0,3.56,6.997243,-7.777491,319.325545,8.808149,7.496763,-9.189675
450,wall,30x615,30.0,615.0,1.845,9429,9430,15.0,1307.5,0.0,15.0,1307.5,356.0,3.56,5.138935,4.874354,237.811096,-6.537988,75.685365,-5.51471
451,wall,30x1000,30.0,356.0,1.068,9431,9432,0.0,1630.0,0.0,-1000.0,1630.0,356.0,10.6148,-157.107474,0.006274,136.653017,84.427746,572.863364,-30.061541
452,wall,30x725,30.0,725.0,2.175,9433,9434,-4005.0,362.5,356.0,-4005.0,362.5,712.0,3.56,22.355468,15.722389,291.174656,-22.388832,17.29462,1.092576
453,wall,30x890,30.0,890.0,2.67,9435,9436,-4005.0,1170.0,356.0,-4005.0,1170.0,712.0,3.56,11.778392,2.093264,292.002308,-7.221863,-11.433516,0.362644
454,wall,25x158,25.0,158.0,0.395,9437,9438,-330.0,309.0,0.0,-330.0,309.0,356.0,3.56,-2.488082,0.073706,190.473314,-0.200901,8.56523,0.121481
455,wall,25x365,25.0,356.0,0.89,9439,9440,-317.5,230.0,0.0,-682.5,230.0,356.0,5.0986,-8.119329,0.144727,53.418828,-0.515227,166.073914,-0.006242
456,wall,25x158,25.0,158.0,0.395,9441,9442,-670.0,309.0,0.0,-670.0,309.0,356.0,3.56,-2.488082,0.081132,190.473314,-0.204127,8.56523,0.121481
457,wall,25x365,25.0,356.0,0.89,9443,9444,-317.5,230.0,356.0,-682.5,230.0,712.0,5.0986,76.838853,0.777453,53.418828,-2.767732,468.525041,-0.063817
458,wall,25x158,25.0,158.0,0.395,9438,9445,-330.0,309.0,356.0,-330.0,309.0,712.0,3.56,2.918881,-0.447945,157.365742,0.061493,17.422801,0.240917
459,wall,25x158,25.0,158.0,0.395,9442,9446,-670.0,309.0,356.0,-670.0,309.0,712.0,3.56,2.918881,-0.475009,157.365742,0.084703,17.422801,0.240917
460,wall,25x365,25.0,356.0,0.89,9447,9448,-317.5,230.0,712.0,-682.5,230.0,1068.0,5.0986,128.96134,2.868441,53.418828,-10.211651,654.081094,-0.410404
461,wall,25x158,25.0,158.0,0.395,9445,9449,-330.0,309.0,712.0,-330.0,309.0,1068.0,3.56,-0.576653,0.754185,124.258169,-1.533193,7.031585,-1.489179
462,wall,25x158,25.0,158.0,0.395,9446,9450,-670.0,309.0,712.0,-670.0,309.0,1068.0,3.56,-0.576653,0.783347,124.258169,-1.606331,7.031585,-1.489179
463,wall,25x365,25.0,356.0,0.89,9451,9452,-317.5,230.0,1068.0,-682.5,230.0,1424.0,5.0986,220.57845,2.198956,53.418828,-7.828284,980.238006,-0.348576
464,wall,25x158,25.0,158.0,0.395,9449,9453,-330.0,309.0,1068.0,-330.0,309.0,1424.0,3.56,-11.18813,-0.744592,91.150596,1.151705,9.08447,-1.60321
465,wall,25x158,25.0,158.0,0.395,9450,9454,-670.0,309.0,1068.0,-670.0,309.0,1424.0,3.56,-11.18813,-0.771557,91.150596,1.182386,9.08447,-1.60321
466,wall,25x365,25.0,356.0,0.89,9455,9456,-317.5,230.0,1424.0,-682.5,230.0,1780.0,5.0986,333.93396,3.549277,53.418828,-12.635428,1383.783623,-0.574422
467,wall,25x158,25.0,356.0,0.89,9453,9457,-330.0,309.0,1424.0,-330.0,309.0,1780.0,3.56,13.739948,0.421079,37.298405,-1.499043,48.914214,-31.434023
468,wall,25x158,25.0,356.0,0.89,9454,9458,-670.0,309.0,1424.0,-670.0,309.0,1780.0,3.56,13.739948,0.439426,37.298405,-1.564357,48.914214,-31.434023
469,wall,30x225,30.0,225.0,0.675,9459,9460,-360.0,1112.5,0.0,-360.0,1112.5,356.0,3.56,-6.378734,0.178943,287.532984,-0.490272,30.517325,0.420984
470,wall,30x310,30.0,356.0,1.068,9461,9462,-345.0,1225.0,0.0,-655.0,1225.0,356.0,4.7206,2.963711,0.312352,59.349106,-1.111975,194.53304,0.164057
471,wall,30x225,30.0,225.0,0.675,9463,9464,-640.0,1112.5,0.0,-640.0,1112.5,356.0,3.56,-6.378734,0.193848,287.532984,-0.496639,30.517325,0.420984
472,wall,30x310,30.0,356.0,1.068,9465,9466,-345.0,1225.0,356.0,-655.0,1225.0,712.0,4.7206,112.569874,1.673463,59.349106,-5.957528,584.730982,0.812363
473,wall,30x310,30.0,356.0,1.068,9467,9468,-345.0,1225.0,712.0,-655.0,1225.0,1068.0,4.7206,217.977398,6.148567,59.349106,-21.888898,959.981767,2.599058
474,wall,30x310,30.0,356.0,1.068,9469,9470,-345.0,1225.0,1068.0,-655.0,1225.0,1424.0,4.7206,341.313156,4.708515,59.349106,-16.762314,1399.057065,1.915155
475,wall,30x310,30.0,356.0,1.068,9471,9472,-345.0,1225.0,1424.0,-655.0,1225.0,1780.0,4.7206,515.154507,7.598155,59.349106,-27.049433,2017.932275,3.064355
476,wall,30x225,30.0,225.0,0.675,9460,9473,-360.0,1112.5,356.0,-360.0,1112.5,712.0,3.56,1.818808,-1.096037,230.956752,0.146766,53.225618,0.834881
477,wall,30x225,30.0,225.0,0.675,9464,9474,-640.0,1112.5,356.0,-640.0,1112.5,712.0,3.56,1.818808,-1.150449,230.956752,0.193459,53.225618,0.834881
478,wall,30x225,30.0,225.0,0.675,9473,9475,-360.0,1112.5,712.0,-360.0,1112.5,1068.0,3.56,5.500086,1.817741,174.38052,-3.755126,46.750663,-5.16065
479,wall,30x225,30.0,225.0,0.675,9474,9476,-640.0,1112.5,712.0,-640.0,1112.5,1068.0,3.56,5.500086,1.87525,174.38052,-3.902141,46.750663,-5.16065
480,wall,30x225,30.0,225.0,0.675,9475,9477,-360.0,1112.5,1068.0,-360.0,1112.5,1424.0,3.56,-39.984849,-1.672408,117.804288,2.716032,27.170358,-5.555817
481,wall,30x225,30.0,225.0,0.675,9476,9478,-640.0,1112.5,1068.0,-640.0,1112.5,1424.0,3.56,-39.984849,-1.72113,117.804288,2.773749,27.170358,-5.555817
482,wall,30x225,30.0,356.0,1.068,9477,9479,-360.0,1112.5,1424.0,-360.0,1112.5,1780.0,3.56,47.616972,0.909478,44.758086,-3.237741,169.51642,-37.720828
483,wall,30x225,30.0,356.0,1.068,9478,9480,-640.0,1112.5,1424.0,-640.0,1112.5,1780.0,3.56,47.616972,0.941987,44.758086,-3.353472,169.51642,-37.720828
588,beam_x,30x80,30.0,80.0,0.24,516,512,3205.0,426.5,356.0,2830.0,426.5,356.0,3.75,-0.0,0.0,-17.329524,-49.337138,-28.540633,-0.0
589,beam_x,30x80,30.0,80.0,0.24,512,514,2830.0,426.5,356.0,2455.0,426.5,356.0,3.75,0.0,0.0,41.875522,8.859365,44.410377,-0.0
590,beam_x,30x80,30.0,80.0,0.24,515,511,3205.0,1188.5,356.0,2830.0,1188.5,356.0,3.75,0.0,0.0,9.483986,43.61249,23.268944,-0.0
591,beam_x,30x80,30.0,80.0,0.24,511,513,2830.0,1188.5,356.0,2455.0,1188.5,356.0,3.75,0.0,0.0,35.858559,-3.850785,21.272053,-0.0
592,beam_x,30x80,30.0,80.0,0.24,522,518,3205.0,426.5,712.0,2830.0,426.5,712.0,3.75,0.0,-0.0,-9.136035,-45.299516,-14.833149,0.0
593,beam_x,30x80,30.0,80.0,0.24,518,520,2830.0,426.5,712.0,2455.0,426.5,712.0,3.75,0.0,0.0,39.676377,6.288034,38.880923,-0.0
594,beam_x,30x80,30.0,80.0,0.24,521,517,3205.0,1188.5,712.0,2830.0,1188.5,712.0,3.75,0.0,-0.0,12.426685,40.819141,28.039233,0.0
595,beam_x,30x80,30.0,80.0,0.24,517,519,2830.0,1188.5,712.0,2455.0,1188.5,712.0,3.75,0.0,0.0,35.744966,-2.51521,21.073678,-0.0
596,beam_x,30x80,30.0,80.0,0.24,528,524,3205.0,426.5,1068.0,2830.0,426.5,1068.0,3.75,-0.0,0.0,-5.338056,-43.183511,-7.664722,-0.0
597,beam_x,30x80,30.0,80.0,0.24,524,526,2830.0,426.5,1068.0,2455.0,426.5,1068.0,3.75,0.0,-0.0,38.617582,5.125882,35.008255,0.0
598,beam_x,30x80,30.0,80.0,0.24,527,523,3205.0,1188.5,1068.0,2830.0,1188.5,1068.0,3.75,0.0,0.0,14.104493,39.022285,31.453242,-0.0
599,beam_x,30x80,30.0,80.0,0.24,523,525,2830.0,1188.5,1068.0,2455.0,1188.5,1068.0,3.75,0.0,-0.0,35.604048,-1.6103,19.782854,0.0
600,beam_x,30x80,30.0,80.0,0.24,534,530,3205.0,426.5,1424.0,2830.0,426.5,1424.0,3.75,-0.0,0.0,-1.628739,-41.315686,-3.475453,-0.0
601,beam_x,30x80,30.0,80.0,0.24,530,532,2830.0,426.5,1424.0,2455.0,426.5,1424.0,3.75,0.0,-0.0,37.278412,4.297118,31.189248,0.0
602,beam_x,30x80,30.0,80.0,0.24,533,529,3205.0,1188.5,1424.0,2830.0,1188.5,1424.0,3.75,0.0,0.0,16.52859,37.79976,33.463363,-0.0
603,beam_x,30x80,30.0,80.0,0.24,529,531,2830.0,1188.5,1424.0,2455.0,1188.5,1424.0,3.75,0.0,-0.0,34.657513,-1.326278,16.806715,0.0
604,beam_x,30x80,30.0,80.0,0.24,540,536,3205.0,426.5,1780.0,2830.0,426.5,1780.0,3.75,0.0,-0.0,-1.59391,-59.73332,1.469156,0.0
605,beam_x,30x80,30.0,80.0,0.24,536,538,2830.0,426.5,1780.0,2455.0,426.5,1780.0,3.75,0.0,0.0,37.643268,12.905096,14.879102,-0.0
606,beam_x,30x80,30.0,80.0,0.24,539,535,3205.0,1188.5,1780.0,2830.0,1188.5,1780.0,3.75,0.0,-0.0,25.946099,57.542804,54.951234,0.0
607,beam_x,30x80,30.0,80.0,0.24,535,537,2830.0,1188.5,1780.0,2455.0,1188.5,1780.0,3.75,0.0,0.0,32.443612,-8.841142,-9.627441,-0.0
703,steel_column,300x300x20,30.0,30.0,0.09,126,161,-5000,0,1424.0,-5000,0,1780.0,3.56,-2.342502,13.493961,83.104503,-23.617338,-3.035149,-0.058214
704,steel_column,300x300x20,30.0,30.0,0.09,123,158,-4755.0,0,1424.0,-4755.0,0,1780.0,3.56,-4.593079,11.677438,-34.177203,-21.225181,-8.455053,-0.058214
705,steel_column,300x300x20,30.0,30.0,0.09,127,162,-5000,725.0,1424.0,-5000,725.0,1780.0,3.56,-3.432152,10.816104,141.137033,-19.00862,-4.347653,-0.058214
706,steel_column,300x300x20,30.0,30.0,0.09,124,159,-4755.0,725.0,1424.0,-4755.0,725.0,1780.0,3.56,-7.715881,9.279654,-66.046279,-16.836677,-14.130663,-0.058214
707,steel_column,300x300x20,30.0,30.0,0.09,128,163,-5000,1615.0,1424.0,-5000,1615.0,1780.0,3.56,-2.275602,-4.634502,87.353005,7.78372,-2.861708,-0.058214
708,steel_column,300x300x20,30.0,30.0,0.09,125,160,-4755.0,1615.0,1424.0,-4755.0,1615.0,1780.0,3.56,-4.923695,-7.187621,-37.94332,12.580414,-9.058784,-0.058214
709,steel_beam,300x300x50,30.0,30.0,0.09,120,158,-4500,0,1424.0,-4755.0,0,1780.0,4.3791,-231.797184,8.303837,321.86591,-12.78609,-0.704586,-10.445509
710,steel_beam,300x300x50,30.0,30.0,0.09,126,158,-5000,0,1424.0,-4755.0,0,1780.0,4.3216,-134.242355,12.224426,-192.025203,-22.457008,-2.059308,14.960748
711,steel_beam,300x300x50,30.0,30.0,0.09,121,159,-4500,725.0,1424.0,-4755.0,725.0,1780.0,4.3791,-398.844187,7.002275,553.247235,-11.188985,-2.227659,-8.871314
712,steel_beam,300x300x50,30.0,30.0,0.09,127,159,-5000,725.0,1424.0,-4755.0,725.0,1780.0,4.3216,-224.753499,9.853721,-321.61907,-18.14675,-3.114986,12.046111
713,steel_beam,300x300x50,30.0,30.0,0.09,122,160,-4500,1615.0,1424.0,-4755.0,1615.0,1780.0,4.3791,-245.422773,-4.153773,341.031203,4.565149,-0.274165,4.86628
714,steel_beam,300x300x50,30.0,30.0,0.09,128,160,-5000,1615.0,1424.0,-4755.0,1615.0,1780.0,4.3216,-140.188738,-5.865386,-200.592426,8.985354,-1.940481,-7.111093
715,steel_beam,300x300x50,30.0,30.0,0.09,36,66,-1749.0,0,712.0,-1749.0,-412.0,1068.0,5.445,16.907923,-172.477112,149.207678,-4.899238,42.902005,36.471105
716,steel_beam,300x300x50,30.0,30.0,0.09,28,60,-1000,-412.0,712.0,-1000,0,1068.0,5.445,-5.413521,-235.516228,-201.08475,10.449938,-12.716803,11.513348
717,steel_beam,300x300x50,30.0,30.0,0.09,110,146,-3000,-412.0,1424.0,-3000,0,1780.0,5.445,5.559509,-265.528679,-229.502003,5.448433,11.997175,-11.809744
718,steel_beam,300x300x50,30.0,30.0,0.09,103,139,-2000,-412.0,1424.0,-2000,0,1780.0,5.445,-1.61482,-258.199525,-223.034827,5.513348,-4.506846,3.460523
719,steel_column,300x300x20,30.0,30.0,0.09,103,138,-2000,-412.0,1424.0,-2000,-412.0,1780.0,3.56,-7.027522,-8.955276,108.546445,16.43259,-11.861281,-0.058214
720,steel_column,300x300x20,30.0,30.0,0.09,145,110,-3000,-412.0,1780.0,-3000,-412.0,1424.0,3.56,-15.635657,9.154871,-111.197892,15.785317,28.784789,0.058214
721,steel_column,300x300x20,30.0,30.0,0.09,59,28,-1000,-412.0,1068.0,-1000,-412.0,712.0,3.56,14.606511,9.308729,-100.899518,14.987689,-25.422698,0.031547
722,steel_column,300x300x20,30.0,30.0,0.09,66,35,-1749.0,-412.0,1068.0,-1749.0,-412.0,712.0,3.56,-14.28725,7.059291,71.28516,12.922062,24.139164,0.031547
300000,beam_y,80x80,,,,,,,,,,,,,58.267539,4.369732,266.428751,87.628242,102.039918,55.231657
300001,beam_y,80x80,,,,,,,,,,,,,95.084574,50.22692,141.650433,25.12938,-7.99536,-20.95044
300002,beam_y,80x80,,,,,,,,,,,,,-0.632273,-4.735957,106.375715,280.514221,-15.590396,1.560147
300003,beam_y,80x80,,,,,,,,,,,,,-0.0,0.0,15.798019,-64.21079,12.950237,0.0
300004,beam_y,80x80,,,,,,,,,,,,,-0.088254,-4.320535,-111.677484,-149.702504,-10.318707,0.111704
300005,beam_y,80x80,,,,,,,,,,,,,-16.287092,46.164621,-144.089056,-12.448115,15.246939,3.617676
300006,beam_y,80x80,,,,,,,,,,,,,-40.655419,4.260034,-291.788299,85.972192,-116.625079,82.231504
300007,beam_y,80x80,,,,,,,,,,,,,92.630189,-0.676196,-40.425936,49.3031,-6.618529,-56.336391
300008,beam_y,80x80,,,,,,,,,,,,,-161.09049,16.557641,159.498719,-43.287263,63.584613,-6.798304
300009,beam_y,80x80,,,,,,,,,,,,,-110.070465,31.798698,66.589322,-90.655551,-14.408215,17.40877
300010,beam_y,80x80,,,,,,,,,,,,,-0.355136,-2.998338,114.483916,308.454348,-3.726891,0.957659
300011,beam_y,80x80,,,,,,,,,,,,,0.0,0.0,15.71273,-71.909997,11.106258,-0.0
300012,beam_y,80x80,,,,,,,,,,,,,-0.612114,0.626111,-114.705472,-153.958461,-16.932975,0.815135
300013,beam_y,80x80,,,,,,,,,,,,,-30.095541,-6.689957,23.125373,-50.165117,15.169263,9.536554
300014,beam_y,80x80,,,,,,,,,,,,,181.045709,18.754493,-98.615845,-12.47902,-93.054244,-49.342269
300015,beam_y,80x80,,,,,,,,,,,,,-42.488361,-2.976904,-315.153693,-18.472848,-34.869971,25.752551
300016,beam_y,80x80,,,,,,,,,,,,,-170.480971,23.353598,223.484535,-51.327094,71.971501,-13.305532
300017,beam_y,80x80,,,,,,,,,,,,,-11.438838,-17.578441,127.357752,-108.566991,-12.951292,1.373236
300018,beam_y,80x80,,,,,,,,,,,,,-0.106152,1.657493,118.104533,318.071622,2.907557,0.275569
300019,beam_y,80x80,,,,,,,,,,,,,0.0,0.0,15.535368,-78.520081,10.57228,-0.0
300020,beam_y,80x80,,,,,,,,,,,,,-0.646809,-2.882425,-116.560643,-157.420189,-20.880962,0.945724
300021,beam_y,80x80,,,,,,,,,,,,,141.392216,30.798511,-74.761296,-107.113044,17.294197,-22.432413
300022,beam_y,80x80,,,,,,,,,,,,,181.698882,20.787502,-188.742636,-39.352187,-84.845611,-51.192719
300023,beam_y,80x80,,,,,,,,,,,,,-44.594685,-3.299604,-434.85863,-35.305596,-59.223658,27.033735
300024,beam_y,80x80,,,,,,,,,,,,,-165.53333,24.016019,312.027255,-77.149333,84.639158,-17.378069
300025,beam_y,80x80,,,,,,,,,,,,,150.458833,83.73781,227.559214,-146.191397,9.994336,-27.137441
300026,beam_y,80x80,,,,,,,,,,,,,-0.045224,-7.89574,121.587041,329.907624,6.822894,0.040101
300027,beam_y,80x80,,,,,,,,,,,,,0.0,0.0,15.30856,-82.124982,10.298348,-0.0
300028,beam_y,80x80,,,,,,,,,,,,,0.553786,-4.407159,-119.211548,-158.074289,-23.165016,-0.870065
300029,beam_y,80x80,,,,,,,,,,,,,-244.926049,47.090189,-201.687894,-198.310645,-10.677906,42.457121
300030,beam_y,80x80,,,,,,,,,,,,,180.744644,25.915941,-304.842593,-83.628357,-105.158882,-55.474763
300031,beam_y,80x80,,,,,,,,,,,,,-49.674932,-4.113641,-561.790222,-71.97153,-84.953999,30.125202
300032,beam_y,80x80,,,,,,,,,,,,,-196.624124,27.157677,210.962661,-23.129939,242.622438,-19.284126
300033,beam_y,80x80,,,,,,,,,,,,,-87.355174,-193.9234,35.593003,-72.381672,-107.528589,29.721494
300034,beam_y,80x80,,,,,,,,,,,,,2.244619,18.285272,123.304848,321.694033,16.284417,-5.66316
300035,beam_y,80x80,,,,,,,,,,,,,-0.0,0.0,16.991537,-78.61609,14.815262,0.0
300036,beam_y,80x80,,,,,,,,,,,,,0.849552,15.766036,-126.946079,-187.132725,-40.135973,-1.092659
300037,beam_y,80x80,,,,,,,,,,,,,121.125399,-168.459011,20.827193,-34.329977,127.224634,-28.131346
300038,beam_y,80x80,,,,,,,,,,,,,217.123577,25.789291,-180.371226,0.14991,-287.666029,-58.857917
300039,beam_y,80x80,,,,,,,,,,,,,-50.585006,-4.093538,-446.119958,-6.692558,-130.73211,30.659137
300040,beam_x,60x80,,,,,,,,,,,,,0.0,-0.0,-22.372706,1.3128,138.651041,-0.0
300041,beam_x,60x80,,,,,,,,,,,,,-90.795177,14.481558,-163.713333,-45.126223,50.018191,12.132807
300042,beam_x,60x80,,,,,,,,,,,,,93.249101,-4.71826,-100.426433,-22.564969,84.627953,-2.695808
300043,beam_x,60x80,,,,,,,,,,,,,0.0,-0.0,-26.189386,3.668358,146.312701,-0.0
300044,beam_x,60x80,,,,,,,,,,,,,-99.648603,18.259903,-171.993338,-55.865286,43.968688,15.723572
300045,beam_x,60x80,,,,,,,,,,,,,102.341808,-8.820333,-68.557513,-23.4739,57.7129,-6.491597
300046,beam_x,60x80,,,,,,,,,,,,,0.0,0.0,-27.951967,4.435271,151.514941,0.0
300047,beam_x,60x80,,,,,,,,,,,,,-99.354597,20.71514,-175.938568,-60.92553,42.181692,17.412243
300048,beam_x,60x80,,,,,,,,,,,,,102.039856,-7.133222,-71.774899,-23.747635,56.735098,-4.269816
300049,beam_x,60x80,,,,,,,,,,,,,0.0,0.0,-26.959491,4.72576,151.268736,0.0
300050,beam_x,60x80,,,,,,,,,,,,,-117.224343,23.975159,-176.150506,-65.05095,45.386066,20.042929
300051,beam_x,60x80,,,,,,,,,,,,,120.392569,-7.516191,-60.116157,-22.268396,45.444396,-4.145127
300052,beam_x,60x80,,,,,,,,,,,,,0.0,-0.0,-30.040921,3.259927,175.421269,-0.0
300053,beam_x,60x80,,,,,,,,,,,,,-110.276808,-27.151459,-199.877471,85.974527,52.988797,-20.63483
300054,beam_x,60x80,,,,,,,,,,,,,113.257262,-5.420062,-122.784844,45.647685,104.154273,-10.312047
300055,beam_x,60x80,,,,,,,,,,,,,0.0,-0.0,-32.776354,1.123739,179.54285,-0.0
300056,beam_x,60x80,,,,,,,,,,,,,-111.63816,-27.941631,-203.49759,86.744583,47.826627,-21.490583
300057,beam_x,60x80,,,,,,,,,,,,,114.655407,-3.854525,-96.826819,45.946741,79.780437,-8.755996
300058,beam_x,60x80,,,,,,,,,,,,,0.0,0.0,-34.444739,0.952419,183.352769,0.0
300059,beam_x,60x80,,,,,,,,,,,,,-113.673657,-29.710437,-206.569348,90.816426,45.323758,-23.505309
300060,beam_x,60x80,,,,,,,,,,,,,116.745918,0.319145,-89.066942,40.292867,71.508363,-4.551954
300061,beam_x,60x80,,,,,,,,,,,,,0.0,0.0,-32.833549,-0.253245,181.78169,0.0
300062,beam_x,60x80,,,,,,,,,,,,,-132.069568,-31.368259,-204.54381,89.738446,49.366992,-24.546979
300063,beam_x,60x80,,,,,,,,,,,,,135.639016,-1.48543,-78.240301,40.886089,59.137909,-6.768859
300064,beam_y,60x80,,,,,,,,,,,,,3.186838,9.62144,130.307238,215.496799,-20.365059,-5.77647
300065,beam_y,60x80,,,,,,,,,,,,,2.509346,-7.016812,74.161638,114.171045,21.203919,-4.528221
300066,beam_y,60x80,,,,,,,,,,,,,12.048995,8.916947,101.103313,170.224252,17.95981,-21.775869
300067,beam_y,60x80,,,,,,,,,,,,,5.310555,-27.443317,70.18829,137.49277,9.535314,-12.575833
300068,beam_y,60x80,,,,,,,,,,,,,4.451716,3.190237,64.98091,95.059719,19.863503,-6.805614
300069,beam_y,60x80,,,,,,,,,,,,,11.114329,7.861195,98.450458,147.758284,-33.859462,-20.106415
300070,beam_y,60x80,,,,,,,,,,,,,5.845716,1.046632,64.559747,110.835072,-16.765949,-12.974471
300071,beam_x,60x80,,,,,,,,,,,,,0.0,-0.0,-31.018829,-31.655278,-308.711472,0.0
300072,beam_x,60x80,,,,,,,,,,,,,-0.0,0.0,-387.767764,6.147603,-328.124354,-0.0
300073,beam_x,60x80,,,,,,,,,,,,,0.0,-0.0,-136.984333,-26.636338,-451.181446,0.0
300074,beam_x,60x80,,,,,,,,,,,,,-0.0,0.0,-276.181107,12.768202,-90.807621,-0.0
300075,beam_x,60x80,,,,,,,,,,,,,-0.0,0.0,-106.122414,42.363123,-277.91139,-0.0
300076,beam_x,60x80,,,,,,,,,,,,,-0.0,0.0,-76.990454,-34.919817,-214.541864,-0.0
300077,beam_x,60x80,,,,,,,,,,,,,-0.0,0.0,-150.547996,-18.593905,-426.988771,-0.0
300078,beam_x,60x80,,,,,,,,,,,,,-0.0,0.0,-99.667178,39.842339,-269.73328,-0.0
300079,beam_x,60x80,,,,,,,,,,,,,-0.0,0.0,-85.163876,-48.91289,-249.522551,-0.0
300080,beam_x,60x80,,,,,,,,,,,,,-0.0,0.0,-145.987838,-18.578236,-444.320235,-0.0
300081,beam_x,60x80,,,,,,,,,,,,,-0.0,0.0,-96.736537,56.620635,-283.568059,-0.0
300082,beam_x,60x80,,,,,,,,,,,,,-0.0,0.0,-56.561002,-45.556019,-271.104782,-0.0
300083,beam_x,60x80,,,,,,,,,,,,,-0.0,0.0,-271.358277,-26.310705,-159.637305,-0.0
300084,beam_x,60x80,,,,,,,,,,,,,-0.0,0.0,-133.547229,-21.889547,-427.335696,-0.0
300085,beam_x,60x80,,,,,,,,,,,,,-0.0,0.0,-264.313699,-6.912907,-84.482301,-0.0
300086,beam_x,60x80,,,,,,,,,,,,,-0.0,0.0,-108.493661,43.024671,-281.699409,-0.0
300087,beam_x,60x80,,,,,,,,,,,,,0.0,-0.0,-117.621697,-5.36779,-349.921322,0.0
300088,beam_x,60x80,,,,,,,,,,,,,0.0,-0.0,-149.094575,-15.196788,-422.731783,0.0
300089,beam_x,60x80,,,,,,,,,,,,,0.0,-0.0,-100.255991,40.43253,-270.066706,0.0
300090,beam_x,60x80,,,,,,,,,,,,,0.0,-0.0,-84.102389,-38.337105,-242.292981,0.0
300091,beam_x,60x80,,,,,,,,,,,,,0.0,-0.0,-147.040894,-21.595083,-439.940981,0.0
300092,beam_x,60x80,,,,,,,,,,,,,0.0,-0.0,-98.457455,41.752352,-281.458696,0.0
300093,beam_x,60x80,,,,,,,,,,,,,0.0,-0.0,52.535075,38.119802,-134.542846,0.0
300094,beam_x,60x80,,,,,,,,,,,,,-0.0,0.0,-109.175108,-35.402209,-259.497278,-0.0
300095,beam_x,60x80,,,,,,,,,,,,,0.0,-0.0,142.191042,19.89098,-70.742129,0.0
300096,beam_x,60x80,,,,,,,,,,,,,-0.0,0.0,-164.416207,-18.239618,-425.980884,-0.0
300097,beam_x,60x80,,,,,,,,,,,,,-0.0,0.0,-109.925873,45.174954,-277.290846,-0.0
300098,beam_x,60x80,,,,,,,,,,,,,-0.0,0.0,-88.155902,-37.544246,-277.013747,-0.0
300099,beam_x,60x80,,,,,,,,,,,,,-0.0,0.0,-155.42016,-15.860273,-432.385648,-0.0
300100,beam_x,60x80,,,,,,,,,,,,,-0.0,0.0,-103.252693,43.136029,-272.093218,-0.0
300101,beam_x,60x80,,,,,,,,,,,,,-0.0,0.0,-90.401341,-43.595608,-248.432649,-0.0
300102,beam_x,60x80,,,,,,,,,,,,,-0.0,0.0,-149.049174,-22.371595,-436.512137,-0.0
300103,beam_x,60x80,,,,,,,,,,,,,-0.0,0.0,-101.475712,45.255347,-281.612403,-0.0
300104,beam_x,60x80,,,,,,,,,,,,,0.0,-0.0,-9.392398,1.088064,-36.250478,0.0
300105,beam_x,60x80,,,,,,,,,,,,,0.0,-0.0,-14.11744,2.009731,-60.470786,0.0
300106,beam_x,60x80,,,,,,,,,,,,,0.0,-0.0,-10.369334,13.666645,-39.861153,0.0
300107,beam_x,60x80,,,,,,,,,,,,,-0.0,0.0,-95.149592,-47.649034,-239.821648,-0.0
300108,beam_x,60x80,,,,,,,,,,,,,-0.0,0.0,-164.109421,-17.217366,-445.85267,-0.0
300109,beam_x,60x80,,,,,,,,,,,,,-0.0,0.0,-110.579935,35.386779,-284.574734,-0.0
300110,beam_x,60x80,,,,,,,,,,,,,-0.0,0.0,-86.050834,-33.936362,-279.691341,-0.0
300111,beam_x,60x80,,,,,,,,,,,,,-0.0,0.0,-156.25639,-10.515912,-435.647029,-0.0
300112,beam_x,60x80,,,,,,,,,,,,,-0.0,0.0,-100.754582,34.455352,-266.027226,-0.0
300113,beam_x,60x80,,,,,,,,,,,,,-0.0,0.0,-84.426965,-38.130796,-251.809049,-0.0
300114,beam_x,60x80,,,,,,,,,,,,,-0.0,0.0,-143.532291,-19.579728,-449.784709,-0.0
300115,beam_x,60x80,,,,,,,,,,,,,-0.0,0.0,-96.441276,39.197955,-289.158155,-0.0
300116,beam_x,60x80,,,,,,,,,,,,,0.0,-0.0,6.177875,14.916451,5.170278,0.0
300117,beam_x,60x80,,,,,,,,,,,,,0.0,-0.0,19.018096,11.263203,14.228277,0.0
300118,beam_x,60x80,,,,,,,,,,,,,0.0,-0.0,7.012564,9.521973,4.878796,0.0
300119,beam_x,60x80,,,,,,,,,,,,,0.0,-0.0,-148.047725,-79.598854,380.626454,-0.0
300120,beam_x,60x80,,,,,,,,,,,,,0.0,-0.0,-76.599549,-35.464291,227.898708,-0.0
300121,beam_x,60x80,,,,,,,,,,,,,0.0,-0.0,-243.119741,6.886818,647.310101,-0.0
300122,beam_x,60x80,,,,,,,,,,,,,0.0,-0.0,-141.740025,-14.454932,426.384667,-0.0
300123,beam_x,60x80,,,,,,,,,,,,,0.0,-0.0,-120.876932,-18.056215,286.703829,-0.0
300124,beam_x,60x80,,,,,,,,,,,,,0.0,-0.0,-103.642928,66.763933,307.333622,-0.0
300125,beam_x,60x80,,,,,,,,,,,,,-0.0,0.0,-99.989934,41.451478,-270.625709,-0.0
300126,beam_x,60x80,,,,,,,,,,,,,0.0,-0.0,-149.510264,-86.279512,389.228092,-0.0
300127,beam_x,60x80,,,,,,,,,,,,,0.0,-0.0,-238.696338,4.324872,645.430789,-0.0
300128,beam_x,60x80,,,,,,,,,,,,,0.0,-0.0,-99.456778,69.700061,305.39515,-0.0
300129,beam_x,60x80,,,,,,,,,,,,,0.0,-0.0,-78.802276,-41.004032,234.691649,-0.0
300130,beam_x,60x80,,,,,,,,,,,,,0.0,-0.0,-140.868752,-17.470565,423.231802,-0.0
300131,beam_x,60x80,,,,,,,,,,,,,-0.0,0.0,-101.812327,43.749917,-275.563614,-0.0
300132,beam_x,60x80,,,,,,,,,,,,,0.0,-0.0,-121.605325,-20.737005,281.623083,-0.0
300133,beam_x,60x80,,,,,,,,,,,,,0.0,-0.0,-149.597442,-88.465429,397.597349,-0.0
300134,beam_x,60x80,,,,,,,,,,,,,0.0,-0.0,-235.17988,3.713971,648.836155,-0.0
300135,beam_x,60x80,,,,,,,,,,,,,0.0,-0.0,-97.816476,69.962155,309.720099,-0.0
300136,beam_x,60x80,,,,,,,,,,,,,0.0,0.0,-78.96254,-43.416139,236.378783,0.0
300137,beam_x,60x80,,,,,,,,,,,,,0.0,0.0,-139.154967,-18.100442,419.855519,0.0
300138,beam_x,60x80,,,,,,,,,,,,,0.0,-0.0,-103.846043,44.032244,-277.008972,0.0
300139,beam_x,60x80,,,,,,,,,,,,,0.0,0.0,-119.21598,-21.255704,279.706799,0.0
300140,beam_x,60x80,,,,,,,,,,,,,0.0,0.0,-150.338989,-91.987494,403.240552,0.0
300141,beam_x,60x80,,,,,,,,,,,,,0.0,0.0,-232.122542,3.733484,646.151652,0.0
300142,beam_x,60x80,,,,,,,,,,,,,0.0,0.0,-93.264902,74.224019,304.465116,0.0
300143,beam_x,60x80,,,,,,,,,,,,,0.0,-0.0,-78.26766,-45.868939,241.444645,-0.0
300144,beam_x,60x80,,,,,,,,,,,,,0.0,-0.0,-137.384242,-19.022662,419.753225,-0.0
300145,beam_x,60x80,,,,,,,,,,,,,0.0,-0.0,-106.612477,47.946406,-283.17572,0.0
300146,beam_x,60x80,,,,,,,,,,,,,0.0,0.0,-118.08222,-21.433775,275.460311,0.0
300147,beam_x,60x80,,,,,,,,,,,,,0.0,-0.0,-144.937336,-85.527267,406.456922,-0.0
300148,beam_x,60x80,,,,,,,,,,,,,0.0,-0.0,-261.534376,-13.836055,733.481084,-0.0
300149,beam_x,60x80,,,,,,,,,,,,,0.0,-0.0,-124.537754,82.98683,377.204956,-0.0
300150,beam_x,60x80,,,,,,,,,,,,,0.0,-0.0,-77.277798,-42.262676,225.011679,-0.0
300151,beam_x,60x80,,,,,,,,,,,,,0.0,-0.0,-133.268298,-15.704579,410.259789,-0.0
300152,beam_x,60x80,,,,,,,,,,,,,0.0,-0.0,-103.760713,33.010462,-263.405417,0.0
300153,beam_x,60x80,,,,,,,,,,,,,0.0,-0.0,6.410024,-6.269845,153.515552,-0.0
300154,beam_x,60x80,,,,,,,,,,,,,0.0,0.0,-130.428548,-17.637753,175.419212,0.0
300155,beam_x,60x80,,,,,,,,,,,,,0.0,-0.0,-116.076228,-21.092539,313.811718,-0.0
300156,beam_x,60x80,,,,,,,,,,,,,0.0,-0.0,5.091307,12.479737,191.111637,-0.0
300157,beam_x,60x80,,,,,,,,,,,,,0.0,0.0,-155.694795,41.901695,205.428001,0.0
300158,beam_y,60x80,,,,,,,,,,,,,0.0,0.0,-36.426296,-196.196165,26.684166,-0.0
300159,beam_y,60x80,,,,,,,,,,,,,0.0,0.0,-131.272252,-182.650175,5.644238,-0.0
300160,beam_y,60x80,,,,,,,,,,,,,0.0,0.0,-23.113883,-165.882923,-31.502404,-0.0
300161,beam_y,60x80,,,,,,,,,,,,,0.0,0.0,-51.234693,-63.840471,-14.472696,-0.0
300162,beam_y,60x80,,,,,,,,,,,,,-0.0,0.0,-37.310983,-197.063112,27.658288,0.0
300163,beam_y,60x80,,,,,,,,,,,,,0.0,0.0,-116.416294,-181.982679,-6.445797,-0.0
300164,beam_y,60x80,,,,,,,,,,,,,-0.0,0.0,-24.321477,-167.890743,-29.633859,0.0
300165,beam_y,60x80,,,,,,,,,,,,,0.0,0.0,-49.575699,-73.419006,-14.466069,-0.0
300166,beam_y,60x80,,,,,,,,,,,,,-0.0,0.0,-38.714356,-198.805334,27.601945,0.0
300167,beam_y,60x80,,,,,,,,,,,,,0.0,0.0,-109.376871,-182.186362,-9.267568,-0.0
300168,beam_y,60x80,,,,,,,,,,,,,-0.0,0.0,-25.397914,-170.321016,-28.436065,0.0
300169,beam_y,60x80,,,,,,,,,,,,,0.0,0.0,-48.551773,-79.166574,-15.705478,-0.0
300170,beam_y,60x80,,,,,,,,,,,,,0.0,0.0,-38.300008,-196.910457,27.174294,-0.0
300171,beam_y,60x80,,,,,,,,,,,,,0.0,0.0,-103.123971,-180.210688,-14.898023,-0.0
300172,beam_y,60x80,,,,,,,,,,,,,0.0,0.0,-26.882477,-171.936501,-27.992394,-0.0
300173,beam_y,60x80,,,,,,,,,,,,,0.0,0.0,-47.959592,-83.422187,-15.147129,-0.0
300174,beam_y,60x80,,,,,,,,,,,,,0.0,0.0,-16.922312,-166.304318,31.687146,0.0
300175,beam_y,60x80,,,,,,,,,,,,,-0.0,0.0,-126.259976,-168.377604,3.575473,0.0
300176,beam_y,60x80,,,,,,,,,,,,,0.0,0.0,-23.533511,-177.834884,-56.282402,0.0
300177,beam_y,60x80,,,,,,,,,,,,,-0.0,0.0,-53.555527,-66.618988,-7.288089,0.0
