curva;seccion;modelo;punto;P_kN;M_kNm
pm_25x158;25x158;fiber;1;-2573,0;0,0
pm_25x158;25x158;fiber;2;0,0;3565,951758926052
pm_25x158;25x158;fiber;3;1828,6061247784053;4528,5668158227045
pm_25x158;25x158;fiber;4;3657,2122495568105;5245,23501789142
pm_25x158;25x158;fiber;5;5485,818374335216;5370,2459307029
pm_25x158;25x158;fiber;6;7314,424499113621;4889,337736319891
pm_25x158;25x158;fiber;7;9143,030623892026;4402,3945315312385
pm_25x158;25x158;fiber;8;10971,636748670431;3766,832435079551
pm_25x158;25x158;fiber;9;12800,242873448835;2945,0778353631404
pm_25x158;25x158;fiber;10;14628,848998227242;2056,185384683221
pm_25x158;25x158;fiber;11;15543,152060616443;1590,5357568100274
pm_25x158;25x158;fiber;12;16457,455123005646;1110,1333777112402
pm_25x158;25x158;fiber;13;17006,036960439167;802,7328432529329
pm_25x158;25x158;fiber;14;17371,758185394847;587,6251810418543
pm_25x158;25x158;fiber;15;17737,47941035053;360,7855833248661
pm_25x158;25x158;fiber;16;17920,34002282837;244,4329001537831
pm_25x158;25x158;fiber;17;18103,20063530621;124,56690659176823
pm_25x158;25x158;fiber;18;18286,1;0,0
pm_25x282;25x282;fiber;1;-5014,0;0,0
pm_25x282;25x282;fiber;2;0,0;12571,979337127346
pm_25x282;25x282;fiber;3;3347,145912868243;15640,40033025005
pm_25x282;25x282;fiber;4;6694,291825736486;17906,931666614575
pm_25x282;25x282;fiber;5;10041,437738604729;18030,994738659945
pm_25x282;25x282;fiber;6;13388,583651472973;16368,641518629767
pm_25x282;25x282;fiber;7;16735,729564341214;14662,519078505684
pm_25x282;25x282;fiber;8;20082,875477209458;12518,054840129402
pm_25x282;25x282;fiber;9;23430,021390077698;9786,918603551901
pm_25x282;25x282;fiber;10;26777,167302945945;6845,281808396527
pm_25x282;25x282;fiber;11;28450,740259380065;5307,769258046613
pm_25x282;25x282;fiber;12;30124,313215814185;3702,6751056275416
pm_25x282;25x282;fiber;13;31128,45698967466;2685,9068608234716
pm_25x282;25x282;fiber;14;31797,886172248305;1969,216114218092
pm_25x282;25x282;fiber;15;32467,315354821956;1208,6303639443129
pm_25x282;25x282;fiber;16;32802,02994610878;816,4501393584954
pm_25x282;25x282;fiber;17;33136,74453739561;415,80705717390526
pm_25x282;25x282;fiber;18;33471,5;0,0
pm_25x365;25x365;fiber;1;-6267,5;0,0
pm_25x365;25x365;fiber;2;0,0;20348,957649437107
pm_25x365;25x365;fiber;3;4293,30739691083;25495,243190887464
pm_25x365;25x365;fiber;4;8586,61479382166;29285,44446095304
pm_25x365;25x365;fiber;5;12879,92219073249;29649,521151467015
pm_25x365;25x365;fiber;6;17173,22958764332;26955,872944947892
pm_25x365;25x365;fiber;7;21466,53698455415;24188,04119972504
pm_25x365;25x365;fiber;8;25759,84438146498;20661,834220024128
pm_25x365;25x365;fiber;9;30053,151778375806;16167,185804999042
pm_25x365;25x365;fiber;10;34346,45917528664;11299,991799414523
pm_25x365;25x365;fiber;11;36493,11287374205;8762,74484797379
pm_25x365;25x365;fiber;12;38639,76657219747;6105,924114063468
pm_25x365;25x365;fiber;13;39927,758791270724;4424,336501598403
pm_25x365;25x365;fiber;14;40786,42027065288;3236,9183375387024
pm_25x365;25x365;fiber;15;41645,08175003505;1988,1436378861831
pm_25x365;25x365;fiber;16;42074,412489726135;1342,9777695474268
pm_25x365;25x365;fiber;17;42503,74322941722;685,2339133548271
pm_25x365;25x365;fiber;18;42933,1;0,0
pm_25x585;25x585;fiber;1;-8972,4;0,0
pm_25x585;25x585;fiber;2;0,0;46323,34729194673
pm_25x585;25x585;fiber;3;6676,979651696187;59358,78126337304
pm_25x585;25x585;fiber;4;13353,959303392374;69063,71501361675
pm_25x585;25x585;fiber;5;20030,93895508856;71172,31946188616
pm_25x585;25x585;fiber;6;26707,918606784748;65134,577753201724
pm_25x585;25x585;fiber;7;33384,898258480935;58825,91439414694
pm_25x585;25x585;fiber;8;40061,87791017712;50417,18295465092
pm_25x585;25x585;fiber;9;46738,85756187331;39468,77713156303
pm_25x585;25x585;fiber;10;53415,837213569495;27544,384055542894
pm_25x585;25x585;fiber;11;56754,327039417585;21324,76960087693
pm_25x585;25x585;fiber;12;60092,81686526568;14823,690971620506
pm_25x585;25x585;fiber;13;62095,91076077454;10700,41537944431
pm_25x585;25x585;fiber;14;63431,30669111377;7801,123866529929
pm_25x585;25x585;fiber;15;64766,70262145301;4802,333008051264
pm_25x585;25x585;fiber;16;65434,40058662263;3229,3027294479944
pm_25x585;25x585;fiber;17;66102,09855179225;1611,5799160078373
pm_25x585;25x585;fiber;18;66769,8;0,0
pm_25x795;25x795;fiber;1;-11611,3;0,0
pm_25x795;25x795;fiber;2;0,0;81369,7711850057
pm_25x795;25x795;fiber;3;8966,868242939106;105302,67411127112
pm_25x795;25x795;fiber;4;17933,736485878213;123217,192642228
pm_25x795;25x795;fiber;5;26900,604728817318;127936,13794346375
pm_25x795;25x795;fiber;6;35867,472971756426;117435,48414415919
pm_25x795;25x795;fiber;7;44834,34121469553;106335,85681327192
pm_25x795;25x795;fiber;8;53801,209457634635;91250,27817962243
pm_25x795;25x795;fiber;9;62768,07770057374;71422,96094011544
pm_25x795;25x795;fiber;10;71734,94594351285;49830,355132073535
pm_25x795;25x795;fiber;11;76218,3800649824;38560,525911932455
pm_25x795;25x795;fiber;12;80701,81418645196;26768,63190140122
pm_25x795;25x795;fiber;13;83391,8746593337;19301,956769313038
pm_25x795;25x795;fiber;14;85185,2483079215;14062,751335210449
pm_25x795;25x795;fiber;15;86978,62195650933;8665,676113146885
pm_25x795;25x795;fiber;16;87875,30878080324;5845,234654123134
pm_25x795;25x795;fiber;17;88771,99560509715;2907,3649517782333
pm_25x795;25x795;fiber;18;89668,7;0,0
pm_30x1000;30x1000;fiber;1;-15305,8;0,0
pm_30x1000;30x1000;fiber;2;0,0;136497,06575174633
pm_30x1000;30x1000;fiber;3;13164,056131177276;181684,69758694415
pm_30x1000;30x1000;fiber;4;26328,112262354553;216211,48134394386
pm_30x1000;30x1000;fiber;5;39492,16839353183;228808,4713784029
pm_30x1000;30x1000;fiber;6;52656,224524709105;211528,561197623
pm_30x1000;30x1000;fiber;7;65820,28065588638;192739,66815705574
pm_30x1000;30x1000;fiber;8;78984,33678706366;165940,3069707885
pm_30x1000;30x1000;fiber;9;92148,39291824093;129979,14032744424
pm_30x1000;30x1000;fiber;10;105312,44904941821;90468,25483350245
pm_30x1000;30x1000;fiber;11;111894,47711500684;69970,26357295795
pm_30x1000;30x1000;fiber;12;118476,50518059549;48353,35460875388
pm_30x1000;30x1000;fiber;13;122425,72201994868;34826,98298624172
pm_30x1000;30x1000;fiber;14;125058,53324618412;25444,395471660806
pm_30x1000;30x1000;fiber;15;127691,34447241957;15661,40297302961
pm_30x1000;30x1000;fiber;16;129007,75008553731;10649,728223987113
pm_30x1000;30x1000;fiber;17;130324,15569865503;5337,12646981693
pm_30x1000;30x1000;fiber;18;131640,6;0,0
pm_30x225;30x225;fiber;1;-3826,5;0,0
pm_30x225;30x225;fiber;2;0,0;7628,927643341809
pm_30x225;30x225;fiber;3;3028,5176081708237;9953,939600962369
pm_30x225;30x225;fiber;4;6057,035216341647;11697,45076404594
pm_30x225;30x225;fiber;5;9085,55282451247;12204,943674959448
pm_30x225;30x225;fiber;6;12114,070432683295;11219,842169137346
pm_30x225;30x225;fiber;7;15142,588040854118;10165,874886566073
pm_30x225;30x225;fiber;8;18171,10564902494;8721,092613339817
pm_30x225;30x225;fiber;9;21199,623257195763;6824,343951346688
pm_30x225;30x225;fiber;10;24228,14086536659;4757,55127960821
pm_30x225;30x225;fiber;11;25742,399669452;3683,0459913832105
pm_30x225;30x225;fiber;12;27256,658473537413;2558,1990595775164
pm_30x225;30x225;fiber;13;28165,21375598866;1844,8240828883668
pm_30x225;30x225;fiber;14;28770,917277622822;1345,6090357208304
pm_30x225;30x225;fiber;15;29376,620799256987;829,0667804453368
pm_30x225;30x225;fiber;16;29679,47256007407;563,022218942451
pm_30x225;30x225;fiber;17;29982,32432089115;287,8778680179133
pm_30x225;30x225;fiber;18;30285,2;0,0
pm_30x2695;30x2695;fiber;1;-4948,0;0,0
pm_30x2695;30x2695;fiber;2;0,0;12007,649677685306
pm_30x2695;30x2695;fiber;3;3703,112724863394;15347,94368704173
pm_30x2695;30x2695;fiber;4;7406,225449726788;17875,670223128687
pm_30x2695;30x2695;fiber;5;11109,33817459018;18415,35669666561
pm_30x2695;30x2695;fiber;6;14812,450899453575;16821,383258528396
pm_30x2695;30x2695;fiber;7;18515,56362431697;15165,579636575227
pm_30x2695;30x2695;fiber;8;22218,67634918036;12990,914241433898
pm_30x2695;30x2695;fiber;9;25921,789074043754;10169,889792710403
pm_30x2695;30x2695;fiber;10;29624,90179890715;7103,556216170092
pm_30x2695;30x2695;fiber;11;31476,458161338844;5499,85513061209
pm_30x2695;30x2695;fiber;12;33328,014523770544;3828,3679185787705
pm_30x2695;30x2695;fiber;13;34438,94834122956;2766,8075642113763
pm_30x2695;30x2695;fiber;14;35179,57088620224;2021,5841028514124
pm_30x2695;30x2695;fiber;15;35920,19343117492;1243,2567706707955
pm_30x2695;30x2695;fiber;16;36290,50470366126;842,6732708219815
pm_30x2695;30x2695;fiber;17;36660,8159761476;429,93836725092837
pm_30x2695;30x2695;fiber;18;37031,1;0,0
pm_30x310;30x310;fiber;1;-5080,0;0,0
pm_30x310;30x310;fiber;2;0,0;14054,457572795518
pm_30x310;30x310;fiber;3;4140,92905647571;18401,358920305243
pm_30x310;30x310;fiber;4;8281,85811295142;21730,365329841297
pm_30x310;30x310;fiber;5;12422,78716942713;22790,248902211086
pm_30x310;30x310;fiber;6;16563,71622590284;20974,872089592598
pm_30x310;30x310;fiber;7;20704,64528237855;19041,06055505433
pm_30x310;30x310;fiber;8;24845,57433885426;16355,389034053947
pm_30x310;30x310;fiber;9;28986,503395329968;12802,35341260074
pm_30x310;30x310;fiber;10;33127,43245180568;8929,18447883459
pm_30x310;30x310;fiber;11;35197,89698004354;6905,663960364536
pm_30x310;30x310;fiber;12;37268,36150828139;4791,020365040869
pm_30x310;30x310;fiber;13;38510,64022522411;3456,014311784711
pm_30x310;30x310;fiber;14;39338,82603651925;2518,3336681902274
pm_30x310;30x310;fiber;15;40167,011847814385;1552,599100370626
pm_30x310;30x310;fiber;16;40581,10475346196;1053,595781150875
pm_30x310;30x310;fiber;17;40995,19765910953;538,2575371281249
pm_30x310;30x310;fiber;18;41409,3;0,0
pm_30x615;30x615;fiber;1;-9038,4;0,0
pm_30x615;30x615;fiber;2;0,0;49325,47596624221
pm_30x615;30x615;fiber;3;8022,008387252535;66360,33960035747
pm_30x615;30x615;fiber;4;16044,01677450507;79399,10499103248
pm_30x615;30x615;fiber;5;24066,025161757603;84557,88233165124
pm_30x615;30x615;fiber;6;32088,03354901014;78412,13225793504
pm_30x615;30x615;fiber;7;40110,04193626267;71618,501633304
pm_30x615;30x615;fiber;8;48132,05032351521;61753,86167703507
pm_30x615;30x615;fiber;9;56154,058710767735;48371,97624026108
pm_30x615;30x615;fiber;10;64176,06709802028;33674,73988354943
pm_30x615;30x615;fiber;11;68187,07129164654;25988,551159902672
pm_30x615;30x615;fiber;12;72198,07548527281;18009,075869006476
pm_30x615;30x615;fiber;13;74604,67800144857;12934,877134682303
pm_30x615;30x615;fiber;14;76209,07967889907;9440,741515603995
pm_30x615;30x615;fiber;15;77813,48135634958;5823,529240428468
pm_30x615;30x615;fiber;16;78615,68219507483;3937,115879999468
pm_30x615;30x615;fiber;17;79417,88303380008;1965,4881305462563
pm_30x615;30x615;fiber;18;80220,1;0,0
pm_30x725;30x725;fiber;1;-11413,4;0,0
pm_30x725;30x725;fiber;2;0,0;73921,4629469607
pm_30x725;30x725;fiber;3;9604,266253186714;97751,3807462929
pm_30x725;30x725;fiber;4;19208,532506373427;115930,54015521864
pm_30x725;30x725;fiber;5;28812,798759560137;122187,16133313958
pm_30x725;30x725;fiber;6;38417,065012746854;112727,60534019036
pm_30x725;30x725;fiber;7;48021,331265933564;102539,03666844612
pm_30x725;30x725;fiber;8;57625,597519120274;88215,22869897434
pm_30x725;30x725;fiber;9;67229,86377230698;69087,32784280882
pm_30x725;30x725;fiber;10;76834,13002549371;48119,87665991587
pm_30x725;30x725;fiber;11;81636,26315208706;37218,27011014692
pm_30x725;30x725;fiber;12;86438,39627868042;25791,373569441505
pm_30x725;30x725;fiber;13;89319,67615463643;18576,249087603996
pm_30x725;30x725;fiber;14;91240,52940527377;13548,201208787228
pm_30x725;30x725;fiber;15;93161,38265591112;8357,508691216299
pm_30x725;30x725;fiber;16;94121,80928122978;5675,660534669114
pm_30x725;30x725;fiber;17;95082,23590654846;2876,8082128201577
pm_30x725;30x725;fiber;18;96042,7;0,0
pm_30x890;30x890;fiber;1;-12930,8;0,0
pm_30x890;30x890;fiber;2;0,0;102102,07022206961
pm_30x890;30x890;fiber;3;11581,809305087449;137736,1428575583
pm_30x890;30x890;fiber;4;23163,618610174897;165016,66292949417
pm_30x890;30x890;fiber;5;34745,42791526234;175997,81271829252
pm_30x890;30x890;fiber;6;46327,237220349794;163345,82997677667
pm_30x890;30x890;fiber;7;57909,04652543724;149305,6410593029
pm_30x890;30x890;fiber;8;69490,85583052468;128771,32468141548
pm_30x890;30x890;fiber;9;81072,66513561213;100845,18650370449
pm_30x890;30x890;fiber;10;92654,47444069959;70217,62353340043
pm_30x890;30x890;fiber;11;98445,3790932433;54189,21806450752
pm_30x890;30x890;fiber;12;104236,28374578703;37506,78010523088
pm_30x890;30x890;fiber;13;107710,82653731327;26961,974508311105
pm_30x890;30x890;fiber;14;110027,18839833075;19628,29250904438
pm_30x890;30x890;fiber;15;112343,55025934824;12132,959794998224
pm_30x890;30x890;fiber;16;113501,73118985699;8225,62032691628
pm_30x890;30x890;fiber;17;114659,91212036573;4198,152195723006
pm_30x890;30x890;fiber;18;115818,1;0,0
pm_60x291.5;60x291.5;fiber;1;-5014,0;0,0
pm_60x291.5;60x291.5;fiber;2;0,0;13481,400366600465
pm_60x291.5;60x291.5;fiber;3;7001,145774675826;21056,039542364182
pm_60x291.5;60x291.5;fiber;4;14002,291549351652;27068,38697732184
pm_60x291.5;60x291.5;fiber;5;21003,437324027476;30617,62908749446
pm_60x291.5;60x291.5;fiber;6;28004,583098703304;29569,399342555433
pm_60x291.5;60x291.5;fiber;7;35005,72887337913;27708,030254122234
pm_60x291.5;60x291.5;fiber;8;42006,87464805495;24191,386631799753
pm_60x291.5;60x291.5;fiber;9;49008,02042273078;18984,226866632056
pm_60x291.5;60x291.5;fiber;10;56009,16619740661;13152,843436374009
pm_60x291.5;60x291.5;fiber;11;59509,73908474451;10119,698450239364
pm_60x291.5;60x291.5;fiber;12;63010,31197208243;6969,493090196095
pm_60x291.5;60x291.5;fiber;13;65110,65570448518;5003,380029986668
pm_60x291.5;60x291.5;fiber;14;66510,88485942034;3661,531465393712
pm_60x291.5;60x291.5;fiber;15;67911,11401435551;2270,999358669056
pm_60x291.5;60x291.5;fiber;16;68611,22859182309;1550,3968559802472
pm_60x291.5;60x291.5;fiber;17;69311,34316929067;800,0914009269111
pm_60x291.5;60x291.5;fiber;18;70011,5;0,0
pm_60x292;60x292;fiber;1;-5014,0;0,0
pm_60x292;60x292;fiber;2;0,0;13505,512692984046
pm_60x292;60x292;fiber;3;7011,645651863761;21105,896222385272
pm_60x292;60x292;fiber;4;14023,291303727521;27139,29336865566
pm_60x292;60x292;fiber;5;21034,936955591278;30701,979729835395
pm_60x292;60x292;fiber;6;28046,582607455042;29654,882446872794
pm_60x292;60x292;fiber;7;35058,2282593188;27791,66744067868
pm_60x292;60x292;fiber;8;42069,873911182556;24264,36963594562
pm_60x292;60x292;fiber;9;49081,51956304631;19042,7913143188
pm_60x292;60x292;fiber;10;56093,165214910085;13195,428332891279
pm_60x292;60x292;fiber;11;59598,988040841956;10152,124234624416
pm_60x292;60x292;fiber;12;63104,81086677384;6989,541082594866
pm_60x292;60x292;fiber;13;65208,30456233297;5018,601078988003
pm_60x292;60x292;fiber;14;66610,63369270571;3671,9063350982306
pm_60x292;60x292;fiber;15;68012,96282307847;2277,7341952990005
pm_60x292;60x292;fiber;16;68714,12738826484;1554,8495318306839
pm_60x292;60x292;fiber;17;69415,29195345122;802,729580556502
pm_60x292;60x292;fiber;18;70116,5;0,0
pm_muro_30x356;muro_30x356;fiber;1;-6267,5;0,0
pm_muro_30x356;muro_30x356;fiber;2;0,0;19970,93389126121
pm_muro_30x356;muro_30x356;fiber;3;4837,557177272678;25773,018672064944
pm_muro_30x356;muro_30x356;fiber;4;9675,114354545356;30154,724470936446
pm_muro_30x356;muro_30x356;fiber;5;14512,671531818032;31263,186357732564
pm_muro_30x356;muro_30x356;fiber;6;19350,228709090712;28649,277845670018
pm_muro_30x356;muro_30x356;fiber;7;24187,78588636339;25898,957663799843
pm_muro_30x356;muro_30x356;fiber;8;29025,343063636064;22210,194377587803
pm_muro_30x356;muro_30x356;fiber;9;33862,90024090874;17390,51618679116
pm_muro_30x356;muro_30x356;fiber;10;38700,457418181424;12135,600756524578
pm_muro_30x356;muro_30x356;fiber;11;41119,23600681776;9392,548106593797
pm_muro_30x356;muro_30x356;fiber;12;43538,0145954541;6530,610243043976
pm_muro_30x356;muro_30x356;fiber;13;44989,281748635905;4714,481661279625
pm_muro_30x356;muro_30x356;fiber;14;45956,793184090435;3437,7656142178553
pm_muro_30x356;muro_30x356;fiber;15;46924,30461954497;2118,819125683238
pm_muro_30x356;muro_30x356;fiber;16;47408,06033727224;1436,1710099364286
pm_muro_30x356;muro_30x356;fiber;17;47891,81605499951;725,4650984933635
pm_muro_30x356;muro_30x356;fiber;18;48375,6;0,0
pm_muro_30x356;muro_30x356;HA;1;-4049,8408471747725;12210,486426957363
pm_muro_30x356;muro_30x356;HA;2;-3633,4749460490743;12878,62044323467
pm_muro_30x356;muro_30x356;HA;3;-3248,3617319777836;13496,363917177301
pm_muro_30x356;muro_30x356;HA;4;-2902,45501381625;14049,804715142995
pm_muro_30x356;muro_30x356;HA;5;-2596,426724336142;14537,472398205831
pm_muro_30x356;muro_30x356;HA;6;-2309,5575340468113;14994,312158395702
pm_muro_30x356;muro_30x356;HA;7;-2039,718654149283;15423,706404582093
pm_muro_30x356;muro_30x356;HA;8;-1785,0854085301496;15828,554344367412
pm_muro_30x356;muro_30x356;HA;9;-1544,0848005399234;16211,355294650295
pm_muro_30x356;muro_30x356;HA;10;-1315,353566415711;16574,27533007623
pm_muro_30x356;muro_30x356;HA;11;-1097,7043473962863;16919,201031788045
pm_muro_30x356;muro_30x356;HA;12;-890,0982045655762;17247,78315828573
pm_muro_30x356;muro_30x356;HA;13;-691,6221309973332;17561,472376129874
pm_muro_30x356;muro_30x356;HA;14;-501,47053234486935;17861,548685226888
pm_muro_30x356;muro_30x356;HA;15;-318,92988218683143;18149,145799779577
pm_muro_30x356;muro_30x356;HA;16;-155,22632955250074;18405,58321048234
pm_muro_30x356;muro_30x356;HA;17;-4,772226894802414;18640,09618622923
pm_muro_30x356;muro_30x356;HA;18;140,76113351775356;18866,474390139825
pm_muro_30x356;muro_30x356;HA;19;281,7522703194092;19085,313862890165
pm_muro_30x356;muro_30x356;HA;20;418,5418502809822;19297,1510410887
pm_muro_30x356;muro_30x356;HA;21;551,437304390771;19502,47002606501
pm_muro_30x356;muro_30x356;HA;22;680,716784495332;19701,708814260135
pm_muro_30x356;muro_30x356;HA;23;806,6325678508431;19895,26465826014
pm_muro_30x356;muro_30x356;HA;24;929,4139974174681;20083,49869677962
pm_muro_30x356;muro_30x356;HA;25;1052,2351287987517;20270,23878376157
pm_muro_30x356;muro_30x356;HA;26;1173,1166402897213;20453,224616765718
pm_muro_30x356;muro_30x356;HA;27;1291,2780874619268;20631,60416026817
pm_muro_30x356;muro_30x356;HA;28;1395,0290795981412;20786,42732769812
pm_muro_30x356;muro_30x356;HA;29;1494,127014769184;20933,49040163642
pm_muro_30x356;muro_30x356;HA;30;1591,539432533385;21077,59095005719
pm_muro_30x356;muro_30x356;HA;31;1687,3654809734994;21218,880518988066
pm_muro_30x356;muro_30x356;HA;32;1781,696681396687;21357,498997069953
pm_muro_30x356;muro_30x356;HA;33;1874,6176478416407;21493,575715310475
pm_muro_30x356;muro_30x356;HA;34;1966,2067266404852;21627,23042464262
pm_muro_30x356;muro_30x356;HA;35;2056,536566210281;21758,574166840608
pm_muro_30x356;muro_30x356;HA;36;2145,6746257954405;21887,71005212336
pm_muro_30x356;muro_30x356;HA;37;2233,683630658314;22014,733954904965
pm_muro_30x356;muro_30x356;HA;38;2320,6219801810885;22139,735137570944
pm_muro_30x356;muro_30x356;HA;39;2406,443602645997;22262,617899780427
pm_muro_30x356;muro_30x356;HA;40;2482,6055482214997;22368,163010995555
pm_muro_30x356;muro_30x356;HA;41;2558,1379218109205;22472,43211612869
pm_muro_30x356;muro_30x356;HA;42;2633,0711865748754;22575,46826822988
pm_muro_30x356;muro_30x356;HA;43;2707,433871505055;22677,31178682219
pm_muro_30x356;muro_30x356;HA;44;2781,2527225311655;22778,000471458483
pm_muro_30x356;muro_30x356;HA;45;2854,5528396795503;22877,569795565316
pm_muro_30x356;muro_30x356;HA;46;2927,3578017628324;22976,05308266458
pm_muro_30x356;muro_30x356;HA;47;2999,68977990333;23073,481666814187
pm_muro_30x356;muro_30x356;HA;48;3071,5696410396945;23169,885038892167
pm_muro_30x356;muro_30x356;HA;49;3143,0170424329767;23265,29098016043
pm_muro_30x356;muro_30x356;HA;50;3214,050518072164;23359,725684380213
pm_muro_30x356;muro_30x356;HA;51;3282,571618810664;23449,955323598417
pm_muro_30x356;muro_30x356;HA;52;3343,0842849767937;23527,51387277927
pm_muro_30x356;muro_30x356;HA;53;3403,4996178233046;23604,582449403315
pm_muro_30x356;muro_30x356;HA;54;3464,4493094134286;23681,654900692833
pm_muro_30x356;muro_30x356;HA;55;3527,018955572891;23759,579058676176
pm_muro_30x356;muro_30x356;HA;56;3589,440979464998;23836,977224532133
pm_muro_30x356;muro_30x356;HA;57;3651,7211326066617;23913,854843030047
pm_muro_30x356;muro_30x356;HA;58;3713,8648715652052;23990,21707972033
pm_muro_30x356;muro_30x356;HA;59;3775,8773766260642;24066,06883860651
pm_muro_30x356;muro_30x356;HA;60;3837,7635690604016;24141,41477849197
pm_muro_30x356;muro_30x356;HA;61;3899,5281271136446;24216,259328115706
pm_muro_30x356;muro_30x356;HA;62;3961,175500824125;24290,606700180677
pm_muro_30x356;muro_30x356;HA;63;4022,709925770498;24364,460904368003
pm_muro_30x356;muro_30x356;HA;64;4084,1354358371955;24437,82575942162
pm_muro_30x356;muro_30x356;HA;65;4145,455875078794;24510,704904379858
pm_muro_30x356;muro_30x356;HA;66;4206,674908756634;24583,10180902345
pm_muro_30x356;muro_30x356;HA;67;4267,796033614294;24655,019783602987
pm_muro_30x356;muro_30x356;HA;68;4328,822587452462;24726,461987903123
pm_muro_30x356;muro_30x356;HA;69;4390,779440001961;24798,02401522302
pm_muro_30x356;muro_30x356;HA;70;4453,569690223873;24869,650779866293
pm_muro_30x356;muro_30x356;HA;71;4516,231803078272;24940,78565932118
pm_muro_30x356;muro_30x356;HA;72;4578,769956957575;25011,43209844008
pm_muro_30x356;muro_30x356;HA;73;4641,188150538397;25081,59339390973
pm_muro_30x356;muro_30x356;HA;74;4703,490212340905;25151,2727021323
pm_muro_30x356;muro_30x356;HA;75;4765,679809684411;25220,47304660884
pm_muro_30x356;muro_30x356;HA;76;4827,760457083263;25289,19732486116
pm_muro_30x356;muro_30x356;HA;77;4889,7355241233745;25357,44831492566
pm_muro_30x356;muro_30x356;HA;78;4951,608242856545;25425,228681449487
pm_muro_30x356;muro_30x356;HA;79;5013,381714746622;25492,540981417267
pm_muro_30x356;muro_30x356;HA;80;5075,058917198897;25559,38766953427
pm_muro_30x356;muro_30x356;HA;81;5136,64270970162;25625,771103289688
pm_muro_30x356;muro_30x356;HA;82;5198,135839606253;25691,693547722174
pm_muro_30x356;muro_30x356;HA;83;5259,54094757099;25757,157179907706
pm_muro_30x356;muro_30x356;HA;84;5322,162555125338;25822,658846513903
pm_muro_30x356;muro_30x356;HA;85;5385,062256015336;25887,843038660714
pm_muro_30x356;muro_30x356;HA;86;5447,849887077221;25952,562538880222
pm_muro_30x356;muro_30x356;HA;87;5510,528590455705;26016,819546673734
pm_muro_30x356;muro_30x356;HA;88;5573,101391919775;26080,616180079538
pm_muro_30x356;muro_30x356;HA;89;5635,571206201016;26143,95447940974
pm_muro_30x356;muro_30x356;HA;90;5697,940842040781;26206,836410783286
pm_muro_30x356;muro_30x356;HA;91;5760,213006964514;26269,263869467995
pm_muro_30x356;muro_30x356;HA;92;5822,390311800323;26331,23868304353
pm_muro_30x356;muro_30x356;HA;93;5884,475274957622;26392,762614396503
pm_muro_30x356;muro_30x356;HA;94;5946,470326480582;26453,837364557814
pm_muro_30x356;muro_30x356;HA;95;6008,3778118901;26514,464575392096
pm_muro_30x356;muro_30x356;HA;96;6070,19999582704;26574,64583214795
pm_muro_30x356;muro_30x356;HA;97;6131,939065508648;26634,38266587746
pm_muro_30x356;muro_30x356;HA;98;6193,630637949146;26693,682586441806
pm_muro_30x356;muro_30x356;HA;99;6256,6878623123985;26752,801022554704
pm_muro_30x356;muro_30x356;HA;100;6319,6434662695965;26811,47489166572
pm_muro_30x356;muro_30x356;HA;101;6382,49996933494;26869,70563982331
pm_muro_30x356;muro_30x356;HA;102;6445,259808415606;26927,4946656645
pm_muro_30x356;muro_30x356;HA;103;6507,9253411697555;26984,84332234218
pm_muro_30x356;muro_30x356;HA;104;6570,498849202067;27041,75291935917
pm_muro_30x356;muro_30x356;HA;105;6632,982541105859;27098,224724314172
pm_muro_30x356;muro_30x356;HA;106;6695,378555360385;27154,259964564673
pm_muro_30x356;muro_30x356;HA;107;6757,688963091217;27209,85982881122
pm_muro_30x356;muro_30x356;HA;108;6819,915770701256;27265,02546860749
pm_muro_30x356;muro_30x356;HA;109;6882,060922379357;27319,757999800055
pm_muro_30x356;muro_30x356;HA;110;6944,126302493179;27374,05850390175
pm_muro_30x356;muro_30x356;HA;111;7006,113737872437;27427,92802940211
pm_muro_30x356;muro_30x356;HA;112;7068,024999988375;27481,367593018258
pm_muro_30x356;muro_30x356;HA;113;7130,22594196104;27534,370898190857
pm_muro_30x356;muro_30x356;HA;114;7193,300147810414;27586,927263279762
pm_muro_30x356;muro_30x356;HA;115;7256,283772832389;27639,05692588481
pm_muro_30x356;muro_30x356;HA;116;7319,178815133455;27690,76077849358
pm_muro_30x356;muro_30x356;HA;117;7381,987214481219;27742,039687535584
pm_muro_30x356;muro_30x356;HA;118;7444,7108544181465;27792,894494326458
pm_muro_30x356;muro_30x356;HA;119;7507,3515642840375;27843,326015971314
pm_muro_30x356;muro_30x356;HA;120;7569,911121151845;27893,335046229415
pm_muro_30x356;muro_30x356;HA;121;7632,391251681104;27942,922356342006
pm_muro_30x356;muro_30x356;HA;122;7694,793633893049;27992,088695825256
pm_muro_30x356;muro_30x356;HA;123;7757,1198988712595;28040,834793229802
pm_muro_30x356;muro_30x356;HA;124;7819,37163239144;28089,161356868815
pm_muro_30x356;muro_30x356;HA;125;7881,550376483755;28137,06907551576
pm_muro_30x356;muro_30x356;HA;126;7943,65763093097;28184,558619073614
pm_muro_30x356;muro_30x356;HA;127;8005,694854705434;28231,630639216677
pm_muro_30x356;muro_30x356;HA;128;8068,2912134656535;28278,147665860542
pm_muro_30x356;muro_30x356;HA;129;8131,369116156345;28324,127689992154
pm_muro_30x356;muro_30x356;HA;130;8194,365446811154;28369,695493520096
pm_muro_30x356;muro_30x356;HA;131;8257,281826066568;28414,85159255477
pm_muro_30x356;muro_30x356;HA;132;8320,11983191072;28459,5964896247
pm_muro_30x356;muro_30x356;HA;133;8382,881001077178;28503,930674120416
pm_muro_30x356;muro_30x356;HA;134;8445,566830384325;28547,854622721017
pm_muro_30x356;muro_30x356;HA;135;8508,178778022997;28591,368799804193
pm_muro_30x356;muro_30x356;HA;136;8570,718264794503;28634,473657840506
pm_muro_30x356;muro_30x356;HA;137;8633,186675301407;28677,16963777263
pm_muro_30x356;muro_30x356;HA;138;8695,585359093031;28719,45716938012
pm_muro_30x356;muro_30x356;HA;139;8757,915631767783;28761,336671630463
pm_muro_30x356;muro_30x356;HA;140;8820,178776034096;28802,808553016952
pm_muro_30x356;muro_30x356;HA;141;8882,376042731887;28843,873211884
pm_muro_30x356;muro_30x356;HA;142;8944,508651816122;28884,53103674035
pm_muro_30x356;muro_30x356;HA;143;9007,420633216538;28924,428413797614
pm_muro_30x356;muro_30x356;HA;144;9070,495067788259;28963,825306445022
pm_muro_30x356;muro_30x356;HA;145;9133,495388001538;29002,82190960926
pm_muro_30x356;muro_30x356;HA;146;9196,422933272488;29041,418477141557
pm_muro_30x356;muro_30x356;HA;147;9259,279010935403;29079,61525681291
pm_muro_30x356;muro_30x356;HA;148;9322,064897197568;29117,41249049498
pm_muro_30x356;muro_30x356;HA;149;9384,781838060182;29154,810414334646
pm_muro_30x356;muro_30x356;HA;150;9447,431050206764;29191,80925892243
pm_muro_30x356;muro_30x356;HA;151;9510,013721860405;29228,40924945488
pm_muro_30x356;muro_30x356;HA;152;9572,531013611095;29264,61060589144
pm_muro_30x356;muro_30x356;HA;153;9634,98405921438;29300,413543105777
pm_muro_30x356;muro_30x356;HA;154;9697,373966362455;29335,818271031938
pm_muro_30x356;muro_30x356;HA;155;9759,701817428835;29370,824994805473
pm_muro_30x356;muro_30x356;HA;156;9821,968670187645;29405,433914899764
pm_muro_30x356;muro_30x356;HA;157;9884,200686463451;29439,614571152673
pm_muro_30x356;muro_30x356;HA;158;9947,089754485736;29472,52428444059
pm_muro_30x356;muro_30x356;HA;159;10009,912575937939;29505,04687139328
pm_muro_30x356;muro_30x356;HA;160;10072,67025492956;29537,182346732225
pm_muro_30x356;muro_30x356;HA;161;10135,363871169895;29568,930724853522
pm_muro_30x356;muro_30x356;HA;162;10197,994480638357;29600,29201983692
pm_muro_30x356;muro_30x356;HA;163;10260,563116232848;29631,266245454353
pm_muro_30x356;muro_30x356;HA;164;10323,070788396963;29661,853415178448
pm_muro_30x356;muro_30x356;HA;165;10385,51848572687;29692,053542190475
pm_muro_30x356;muro_30x356;HA;166;10447,907175558608;29721,866639388223
pm_muro_30x356;muro_30x356;HA;167;10510,237804536531;29751,29271939364
pm_muro_30x356;muro_30x356;HA;168;10572,511299163623;29780,331794560105
pm_muro_30x356;muro_30x356;HA;169;10634,728566334345;29808,983876979524
pm_muro_30x356;muro_30x356;HA;170;10696,890493850637;29837,248978489257
pm_muro_30x356;muro_30x356;HA;171;10758,997950921734;29865,127110678783
pm_muro_30x356;muro_30x356;HA;172;10821,314323427678;29892,40300637703
pm_muro_30x356;muro_30x356;HA;173;10884,22556518728;29918,76087800368
pm_muro_30x356;muro_30x356;HA;174;10947,075453939053;29944,73950804361
pm_muro_30x356;muro_30x356;HA;175;11009,864933575422;29970,33878878202
pm_muro_30x356;muro_30x356;HA;176;11072,594928725704;29995,5586147024
pm_muro_30x356;muro_30x356;HA;177;11135,266345245022;30020,39888243071
pm_muro_30x356;muro_30x356;HA;178;11197,880070688385;30044,85949068123
pm_muro_30x356;muro_30x356;HA;179;11260,43697477051;30068,940340204186
pm_muro_30x356;muro_30x356;HA;180;11322,937909811812;30092,641333734766
pm_muro_30x356;muro_30x356;HA;181;11385,383711171111;30115,962375943785
pm_muro_30x356;muro_30x356;HA;182;11447,775197665465;30138,903373389785
pm_muro_30x356;muro_30x356;HA;183;11510,113171977615;30161,464234472493
pm_muro_30x356;muro_30x356;HA;184;11572,398421051403;30183,644869387703
pm_muro_30x356;muro_30x356;HA;185;11634,631716475697;30205,44519008355
pm_muro_30x356;muro_30x356;HA;186;11696,813814857032;30226,86511021784
pm_muro_30x356;muro_30x356;HA;187;11759,40383092501;30247,437004918556
pm_muro_30x356;muro_30x356;HA;188;11822,329356601484;30267,23538965152
pm_muro_30x356;muro_30x356;HA;189;11885,197795907854;30286,6613589243
pm_muro_30x356;muro_30x356;HA;190;11948,00996436368;30305,714715199916
pm_muro_30x356;muro_30x356;HA;191;12010,76666202846;30324,395264686194
pm_muro_30x356;muro_30x356;HA;192;12073,468673866213;30342,702817247402
pm_muro_30x356;muro_30x356;HA;193;12136,116770099856;30360,63718631843
pm_muro_30x356;muro_30x356;HA;194;12198,711706555612;30378,198188821367
pm_muro_30x356;muro_30x356;HA;195;12261,25422499783;30395,385645084403
pm_muro_30x356;muro_30x356;HA;196;12323,74505345447;30412,199378763
pm_muro_30x356;muro_30x356;HA;197;12386,184906533628;30428,639216763204
pm_muro_30x356;muro_30x356;HA;198;12448,574485731328;30444,70498916706
pm_muro_30x356;muro_30x356;HA;199;12510,914479730875;30460,39652916018
pm_muro_30x356;muro_30x356;HA;200;12573,205564694063;30475,71367296116
pm_muro_30x356;muro_30x356;HA;201;12635,448404544459;30490,656259752952
pm_muro_30x356;muro_30x356;HA;202;12698,271397360899;30504,45828135234
pm_muro_30x356;muro_30x356;HA;203;12761,205796297545;30517,692234949733
pm_muro_30x356;muro_30x356;HA;204;12824,086852386541;30530,559729145094
pm_muro_30x356;muro_30x356;HA;205;12886,91527686586;30543,0605001565
pm_muro_30x356;muro_30x356;HA;206;12949,691768385184;30555,194288870705
pm_muro_30x356;muro_30x356;HA;207;13012,417013283193;30566,96084074037
pm_muro_30x356;muro_30x356;HA;208;13075,091685857535;30578,359905683847
pm_muro_30x356;muro_30x356;HA;209;13137,716448627732;30589,39123798777
pm_muro_30x356;muro_30x356;HA;210;13200,291952591235;30600,054596212027
pm_muro_30x356;muro_30x356;HA;211;13262,818837472802;30610,349743097304
pm_muro_30x356;muro_30x356;HA;212;13325,29773196746;30620,27644547496
pm_muro_30x356;muro_30x356;HA;213;13387,72925397718;30629,834474179217
pm_muro_30x356;muro_30x356;HA;214;13450,114010841522;30639,02360396171
pm_muro_30x356;muro_30x356;HA;215;13512,452599562337;30647,84361340807
pm_muro_30x356;muro_30x356;HA;216;13574,737231037823;30656,286076391407
pm_muro_30x356;muro_30x356;HA;217;13636,799690244765;30664,185362762582
pm_muro_30x356;muro_30x356;HA;218;13698,819271643244;30671,716414765695
pm_muro_30x356;muro_30x356;HA;219;13760,79651344843;30678,87900635038
pm_muro_30x356;muro_30x356;HA;220;13822,73194490524;30685,672915233754
pm_muro_30x356;muro_30x356;HA;221;13884,626086474444;30692,09792282231
pm_muro_30x356;muro_30x356;HA;222;13946,479450014145;30698,153814135636
pm_muro_30x356;muro_30x356;HA;223;14008,292538956815;30703,840377732093
pm_muro_30x356;muro_30x356;HA;224;14070,065848481923;30709,157405636313
pm_muro_30x356;muro_30x356;HA;225;14134,058988491453;30710,62564414553
pm_muro_30x356;muro_30x356;HA;226;14207,187557971969;30697,595607496056
pm_muro_30x356;muro_30x356;HA;227;14280,185207861556;30684,338001227774
pm_muro_30x356;muro_30x356;HA;228;14355,859206641462;30666,417923957142
pm_muro_30x356;muro_30x356;HA;229;14439,89316202971;30634,855848943993
pm_muro_30x356;muro_30x356;HA;230;14523,710525774857;30603,203286704662
pm_muro_30x356;muro_30x356;HA;231;14610,653068141255;30566,04722824723
pm_muro_30x356;muro_30x356;HA;232;14705,201830235665;30516,12903535737
pm_muro_30x356;muro_30x356;HA;233;14799,453447965687;30466,25279599233
pm_muro_30x356;muro_30x356;HA;234;14897,27150688788;30410,005726589723
pm_muro_30x356;muro_30x356;HA;235;15001,962866208123;30341,89919727498
pm_muro_30x356;muro_30x356;HA;236;15106,281324283671;30273,96264736336
pm_muro_30x356;muro_30x356;HA;237;15214,600043522509;30198,76260787802
pm_muro_30x356;muro_30x356;HA;238;15329,07909432733;30112,627852187292
pm_muro_30x356;muro_30x356;HA;239;15443,113982577659;30026,78689955649
pm_muro_30x356;muro_30x356;HA;240;15556,70983322608;29941,231903299773
pm_muro_30x356;muro_30x356;HA;241;15669,871692681781;29855,95513698701
pm_muro_30x356;muro_30x356;HA;242;15782,60453030958;29770,948992148828
pm_muro_30x356;muro_30x356;HA;243;15894,913239894586;29686,205976034013
pm_muro_30x356;muro_30x356;HA;244;16006,80264107364;29601,7187094179
pm_muro_30x356;muro_30x356;HA;245;16118,27748073436;29517,479924460356
pm_muro_30x356;muro_30x356;HA;246;16229,342434382595;29433,48246261205
pm_muro_30x356;muro_30x356;HA;247;16340,002107479162;29349,719272567847
pm_muro_30x356;muro_30x356;HA;248;16450,261036746648;29266,183408265984
pm_muro_30x356;muro_30x356;HA;249;16560,123691447086;29182,86802693184
pm_muro_30x356;muro_30x356;HA;250;16669,594474631227;29099,766387165262
pm_muro_30x356;muro_30x356;HA;251;16778,67772436014;29016,871847070113
pm_muro_30x356;muro_30x356;HA;252;16887,37771489986;28934,177862425255
pm_muro_30x356;muro_30x356;HA;253;16995,69865788984;28851,67798489553
pm_muro_30x356;muro_30x356;HA;254;17103,644703485734;28769,365860282083
pm_muro_30x356;muro_30x356;HA;255;17211,219941477295;28687,23522681076
pm_muro_30x356;muro_30x356;HA;256;17318,428402381964;28605,27991345775
pm_muro_30x356;muro_30x356;HA;257;17425,274058514755;28523,493838311526
pm_muro_30x356;muro_30x356;HA;258;17531,76082503508;28441,871006970054
pm_muro_30x356;muro_30x356;HA;259;17637,892560971024;28360,405510972563
pm_muro_30x356;muro_30x356;HA;260;17743,673070221725;28279,091526264838
pm_muro_30x356;muro_30x356;HA;261;17849,106102538248;28197,92331169738
pm_muro_30x356;muro_30x356;HA;262;17954,19535448373;28116,895207555433
pm_muro_30x356;muro_30x356;HA;263;18058,944470373066;28036,00163412019
pm_muro_30x356;muro_30x356;HA;264;18163,35704319276;27955,237090260453
pm_muro_30x356;muro_30x356;HA;265;18267,436615501432;27874,596152053862
pm_muro_30x356;muro_30x356;HA;266;18371,186680311446;27794,073471437125
pm_muro_30x356;muro_30x356;HA;267;18474,610681952046;27713,663774884422
pm_muro_30x356;muro_30x356;HA;268;18577,7120169146;27633,36186211333
pm_muro_30x356;muro_30x356;HA;269;18680,49403468017;27553,162604817673
pm_muro_30x356;muro_30x356;HA;270;18782,960038530116;27473,060945426518
pm_muro_30x356;muro_30x356;HA;271;18885,113286339856;27393,05189588881
pm_muro_30x356;muro_30x356;HA;272;18986,956991356383;27313,13053648296
pm_muro_30x356;muro_30x356;HA;273;19088,494322959825;27233,292014650826
pm_muro_30x356;muro_30x356;HA;274;19189,728407409504;27153,531543855453
pm_muro_30x356;muro_30x356;HA;275;19290,653952589786;27073,837869193794
pm_muro_30x356;muro_30x356;HA;276;19391,142192121628;26994,10352214885
pm_muro_30x356;muro_30x356;HA;277;19491,33731219535;26914,434031897857
pm_muro_30x356;muro_30x356;HA;278;19591,242263677967;26834,82485716725
pm_muro_30x356;muro_30x356;HA;279;19690,859957960023;26755,27151743627
pm_muro_30x356;muro_30x356;HA;280;19790,19326761354;26675,769591924458
pm_muro_30x356;muro_30x356;HA;281;19889,245027036806;26596,31471859923
pm_muro_30x356;muro_30x356;HA;282;19988,018033086402;26516,902593203326
pm_muro_30x356;muro_30x356;HA;283;20086,515045696724;26437,5289683013
pm_muro_30x356;muro_30x356;HA;284;20184,73878848724;26358,189652345067
pm_muro_30x356;muro_30x356;HA;285;20282,69194935783;26278,880508757622
pm_muro_30x356;muro_30x356;HA;286;20380,377181072396;26199,597455034906
pm_muro_30x356;muro_30x356;HA;287;20477,797101831165;26120,336461865052
pm_muro_30x356;muro_30x356;HA;288;20574,954295831754;26041,09355226495
pm_muro_30x356;muro_30x356;HA;289;20671,851313819407;25961,864800733452
pm_muro_30x356;muro_30x356;HA;290;20768,49067362649;25882,64633242106
pm_muro_30x356;muro_30x356;HA;291;20864,874860701697;25803,434322315537
pm_muro_30x356;muro_30x356;HA;292;20961,006328628977;25724,224994443302
pm_muro_30x356;muro_30x356;HA;293;21056,887499636603;25645,014621085982
pm_muro_30x356;muro_30x356;HA;294;21152,520765096408;25565,799522012116
pm_muro_30x356;muro_30x356;HA;295;21247,908486013606;25486,576063723296
pm_muro_30x356;muro_30x356;HA;296;21343,052993507277;25407,340658714784
pm_muro_30x356;muro_30x356;HA;297;21437,956589281745;25328,08976475004
pm_muro_30x356;muro_30x356;HA;298;21532,62154608909;25248,81988414895
pm_muro_30x356;muro_30x356;HA;299;21627,0501081829;25169,527563089476
pm_muro_30x356;muro_30x356;HA;300;21721,24449176362;25090,20939092234
pm_muro_30x356;muro_30x356;HA;301;21815,206885415493;25010,861999498567
pm_muro_30x356;muro_30x356;HA;302;21908,93945053537;24931,482062509538
pm_muro_30x356;muro_30x356;HA;303;22002,444321753577;24852,066294839333
pm_muro_30x356;muro_30x356;HA;304;22095,723607346972;24772,611451929002
pm_muro_30x356;muro_30x356;HA;305;22188,77938964441;24693,11432915262
pm_muro_30x356;muro_30x356;HA;306;22281,613725424693;24613,571761204836
pm_muro_30x356;muro_30x356;HA;307;22374,22864630723;24533,98062149964
pm_muro_30x356;muro_30x356;HA;308;22466,6261591356;24454,337821580102
pm_muro_30x356;muro_30x356;HA;309;22558,80824635408;24374,640310538925
pm_muro_30x356;muro_30x356;HA;310;22650,776866377302;24294,88507444951
pm_muro_30x356;muro_30x356;HA;311;22742,533953953243;24215,069135807338
pm_muro_30x356;muro_30x356;HA;312;22834,08142051969;24135,18955298143
pm_muro_30x356;muro_30x356;HA;313;22925,42115455421;24055,243419675713
pm_muro_30x356;muro_30x356;HA;314;23016,55502191787;23975,227864400043
pm_muro_30x356;muro_30x356;HA;315;23107,484866192783;23895,14004995077
pm_muro_30x356;muro_30x356;HA;316;23198,212509013683;23814,977172900413
pm_muro_30x356;muro_30x356;HA;317;23288,739750393506;23734,73646309666
pm_muro_30x356;muro_30x356;HA;318;23379,06836904327;23654,415183170015
pm_muro_30x356;muro_30x356;HA;319;23469,200122686263;23574,01062805035
pm_muro_30x356;muro_30x356;HA;320;23559,136748366636;23493,520124491897
pm_muro_30x356;muro_30x356;HA;321;23648,8799627527;23412,9410306066
pm_muro_30x356;muro_30x356;HA;322;23738,431462434753;23332,270735405677
pm_muro_30x356;muro_30x356;HA;323;23827,79292421779;23251,506658349197
pm_muro_30x356;muro_30x356;HA;324;23916,966005409056;23170,646248903508
pm_muro_30x356;muro_30x356;HA;325;24005,952344100668;23089,686986106375
pm_muro_30x356;muro_30x356;HA;326;24094,753559447243;23008,626378139612
pm_muro_30x356;muro_30x356;HA;327;24183,3712519388;22927,461961909165
pm_muro_30x356;muro_30x356;HA;328;24271,80700366889;22846,191302632433
pm_muro_30x356;muro_30x356;HA;329;24360,06237859825;22764,811993432595
pm_muro_30x356;muro_30x356;HA;330;24448,138922813723;22683,321654940024
pm_muro_30x356;muro_30x356;HA;331;24536,038164782967;22601,717934900407
pm_muro_30x356;muro_30x356;HA;332;24623,761615604646;22519,998507789576
pm_muro_30x356;muro_30x356;HA;333;24711,31076925453;22438,161074434953
pm_muro_30x356;muro_30x356;HA;334;24798,678726842318;22356,198503571977
pm_muro_30x356;muro_30x356;HA;335;24885,75983058886;22274,046419047136
pm_muro_30x356;muro_30x356;HA;336;24972,67171465143;22191,769988801338
pm_muro_30x356;muro_30x356;HA;337;25059,415801044186;22109,367012016704
pm_muro_30x356;muro_30x356;HA;338;25145,993495892846;22026,835312465508
pm_muro_30x356;muro_30x356;HA;339;25232,406189655998;21944,172738167672
pm_muro_30x356;muro_30x356;HA;340;25318,65525734269;21861,37716105403
pm_muro_30x356;muro_30x356;HA;341;25404,742058726406;21778,446476635123
pm_muro_30x356;muro_30x356;HA;342;25490,667938555518;21695,378603675523
pm_muro_30x356;muro_30x356;HA;343;25576,434226760222;21612,171483873502
pm_muro_30x356;muro_30x356;HA;344;25662,042238656115;21528,823081546067
pm_muro_30x356;muro_30x356;HA;345;25747,49327514436;21445,331383319055
pm_muro_30x356;muro_30x356;HA;346;25832,78862290862;21361,694397822404
pm_muro_30x356;muro_30x356;HA;347;25917,929554608774;21277,910155390342
pm_muro_30x356;muro_30x356;HA;348;26002,917329071424;21193,97670776654
pm_muro_30x356;muro_30x356;HA;349;26087,753191477368;21109,892127813942
pm_muro_30x356;muro_30x356;HA;350;26172,438373545985;21025,654509229422
pm_muro_30x356;muro_30x356;HA;351;26256,974093716653;20941,261966263002
pm_muro_30x356;muro_30x356;HA;352;26341,361557327265;20856,71263344155
pm_muro_30x356;muro_30x356;HA;353;26425,601956789833;20772,00466529706
pm_muro_30x356;muro_30x356;HA;354;26509,696471763295;20687,13623609909
pm_muro_30x356;muro_30x356;HA;355;26593,646269323566;20602,105539591706
pm_muro_30x356;muro_30x356;HA;356;26677,452504130855;20516,910788734436
pm_muro_30x356;muro_30x356;HA;357;26761,11631859434;20431,550215447456
pm_muro_30x356;muro_30x356;HA;358;26844,63884303421;20346,022070360785
pm_muro_30x356;muro_30x356;HA;359;26928,02119584115;20260,324622567452
pm_muro_30x356;muro_30x356;HA;360;27011,264483633313;20174,45615938055
pm_muro_30x356;muro_30x356;HA;361;27094,369801410823;20088,414986094132
pm_muro_30x356;muro_30x356;HA;362;27177,338232707825;20002,199425747887
pm_muro_30x356;muro_30x356;HA;363;27260,170849742175;19915,80781889543
pm_muro_30x356;muro_30x356;HA;364;27342,86871356281;19829,23852337629
pm_muro_30x356;muro_30x356;HA;365;27425,432874194765;19742,489914091377
pm_muro_30x356;muro_30x356;HA;366;27507,864370781987;19655,56038278204
pm_muro_30x356;muro_30x356;HA;367;27590,16423172794;19568,44833781243
pm_muro_30x356;muro_30x356;HA;368;27672,333474833962;19481,15220395533
pm_muro_30x356;muro_30x356;HA;369;27754,373107435586;19393,67042218123
pm_muro_30x356;muro_30x356;HA;370;27836,28412653668;19306,001449450654
pm_muro_30x356;muro_30x356;HA;371;27918,06751894161;19218,143758509716
pm_muro_30x356;muro_30x356;HA;372;27999,72426138529;19130,095837688736
pm_muro_30x356;muro_30x356;HA;373;28081,255320661327;19041,856190703995
pm_muro_30x356;muro_30x356;HA;374;28162,66165374813;18953,42333646247
pm_muro_30x356;muro_30x356;HA;375;28243,94420793324;18864,795808869545
pm_muro_30x356;muro_30x356;HA;376;28325,10392093559;18775,972156639647
pm_muro_30x356;muro_30x356;HA;377;28406,14172102609;18686,950943109718
pm_muro_30x356;muro_30x356;HA;378;28487,058527146288;18597,730746055535
pm_muro_30x356;muro_30x356;HA;379;28567,85524902528;18508,310157510747
pm_muro_30x356;muro_30x356;HA;380;28648,53278729488;18418,687783588684
pm_muro_30x356;muro_30x356;HA;381;28729,09203360303;18328,862244306783
pm_muro_30x356;muro_30x356;HA;382;28809,533870725576;18238,83217341362
pm_muro_30x356;muro_30x356;HA;383;28889,85917267629;18148,59621821862
pm_muro_30x356;muro_30x356;HA;384;28970,068804815368;18058,15303942417
pm_muro_30x356;muro_30x356;HA;385;29050,16362395623;17967,501310960273
pm_muro_30x356;muro_30x356;HA;386;29130,144478470793;17876,63971982166
pm_muro_30x356;muro_30x356;HA;387;29210,012208393135;17785,56696590732
pm_muro_30x356;muro_30x356;HA;388;29289,767645521737;17694,281761862316
pm_muro_30x356;muro_30x356;HA;389;29369,41161352013;17602,782832921963
pm_muro_30x356;muro_30x356;HA;390;29448,944928016095;17511,068916758315
pm_muro_30x356;muro_30x356;HA;391;29528,36839669943;17419,138763328872
pm_muro_30x356;muro_30x356;HA;392;29607,68281941827;17326,991134727457
pm_muro_30x356;muro_30x356;HA;393;29686,880612289086;17234,62162216299
pm_muro_30x356;muro_30x356;HA;394;29765,87309452925;17141,995014775563
pm_muro_30x356;muro_30x356;HA;395;29844,759396132107;17049,147484375204
pm_muro_30x356;muro_30x356;HA;396;29923,540282823407;16956,077838750127
pm_muro_30x356;muro_30x356;HA;397;30002,216512983814;16862,784897124613
pm_muro_30x356;muro_30x356;HA;398;30080,788837736764;16769,267490022252
pm_muro_30x356;muro_30x356;HA;399;30159,258001035036;16675,524459131095
pm_muro_30x356;muro_30x356;HA;400;30237,624739746178;16581,554657170716
