elementTag;type;section;area_tributaria_m2;W_losa_G_kN;p_G_kN_m;W_losa_Q_kN;p_Q_kN_m
7;beam_x;60x80;20,355;112,595718;11,259572;81,42;8,142
8;beam_x;60x80;35,27875;195,147933;19,514793;141,115;14,1115
9;beam_x;60x80;31,395;173,664582;17,366458;125,58;12,558
10;beam_y;60x80;12,3725;68,439721;9,439962;49,49;6,826207
11;beam_y;60x80;12,3725;68,439721;9,439962;49,49;6,826207
12;beam_y;60x80;13,793125;76,29805;8,572815;55,1725;6,199157
13;beam_y;60x80;13,793125;76,29805;8,572815;55,1725;6,199157
20;beam_x;60x80;20,355;112,595718;11,259572;81,42;8,142
21;beam_x;60x80;35,27875;195,147933;19,514793;141,115;14,1115
22;beam_x;60x80;31,395;173,664582;17,366458;125,58;12,558
23;beam_y;60x80;12,3725;68,439721;9,439962;49,49;6,826207
24;beam_y;60x80;24,2475;134,127471;18,500341;96,99;13,377931
25;beam_y;60x80;13,793125;76,29805;8,572815;55,1725;6,199157
26;beam_y;60x80;29,793125;164,80365;18,517264;119,1725;13,390169
33;beam_x;60x80;20,355;112,595718;11,259572;81,42;8,142
34;beam_x;60x80;35,27875;195,147933;19,514793;141,115;14,1115
35;beam_x;60x80;31,395;173,664582;17,366458;125,58;12,558
36;beam_y;60x80;12,3725;68,439721;9,439962;49,49;6,826207
37;beam_y;60x80;24,2475;134,127471;18,500341;96,99;13,377931
38;beam_y;60x80;13,793125;76,29805;8,572815;55,1725;6,199157
39;beam_y;60x80;29,793125;164,80365;18,517264;119,1725;13,390169
46;beam_x;60x80;20,355;112,595718;11,259572;81,42;8,142
47;beam_x;60x80;35,27875;195,147933;19,514793;141,115;14,1115
48;beam_x;60x80;31,395;173,664582;17,366458;125,58;12,558
49;beam_y;60x80;12,3725;68,439721;9,439962;49,49;6,826207
50;beam_y;60x80;19,1375;105,860995;14,601517;76,55;10,558621
51;beam_y;60x80;13,793125;76,29805;8,572815;55,1725;6,199157
52;beam_y;60x80;29,793125;164,80365;18,517264;119,1725;13,390169
59;beam_x;60x80;23,109375;127,831819;12,783182;92,4375;9,24375
60;beam_x;60x80;47,806875;264,44851;26,444851;191,2275;19,12275
61;beam_x;60x80;24,6975;136,616691;13,661669;98,79;9,879
62;beam_y;60x80;13,140625;72,688681;10,026025;52,5625;7,25
63;beam_y;60x80;25,015625;138,376431;19,086404;100,0625;13,801724
64;beam_y;60x80;19,8025;109,539509;12,30781;79,21;8,9
65;beam_y;60x80;35,8025;198,045109;22,252259;143,21;16,091011
114;beam_x;60x80;12,5;69,145;6,9145;50,0;5,0
115;beam_x;60x80;12,5;69,145;6,9145;50,0;5,0
116;beam_x;60x80;0,0;0,0;0,0;0,0;0,0
117;beam_x;60x80;25,0;138,29;13,829;100,0;10,0
118;beam_x;60x80;25,0;138,29;13,829;100,0;10,0
119;beam_x;60x80;0,0;0,0;0,0;0,0;0,0
120;beam_x;60x80;12,5;69,145;6,9145;50,0;5,0
121;beam_x;60x80;12,5;69,145;6,9145;50,0;5,0
122;beam_x;60x80;0,0;0,0;0,0;0,0;0,0
123;beam_y;60x80;19,398725;107,305987;14,800826;77,5949;10,702745
124;beam_y;60x80;32,0;177,0112;19,888899;128,0;14,382022
125;beam_y;60x80;23,75;131,3755;18,120759;95,0;13,103448
126;beam_y;60x80;32,0;177,0112;19,888899;128,0;14,382022
127;beam_y;60x80;11,875;65,68775;9,060379;47,5;6,551724
128;beam_y;60x80;16,0;88,5056;9,944449;64,0;7,191011
129;beam_y;60x80;0,0;0,0;0,0;0,0;0,0
130;beam_y;60x80;0,0;0,0;0,0;0,0;0,0
131;beam_x;60x80;21,7742;120,446165;12,044616;87,0968;8,70968
132;beam_x;60x80;12,5;69,145;6,9145;50,0;5,0
133;beam_x;60x80;6,25;34,5725;6,9145;25,0;5,0
134;beam_x;60x80;25,0;138,29;13,829;100,0;10,0
135;beam_x;60x80;25,0;138,29;13,829;100,0;10,0
136;beam_x;60x80;12,5;69,145;13,829;50,0;10,0
137;beam_x;60x80;12,5;69,145;6,9145;50,0;5,0
138;beam_x;60x80;12,5;69,145;6,9145;50,0;5,0
139;beam_x;60x80;6,25;34,5725;6,9145;25,0;5,0
140;beam_y;60x80;19,398725;107,305987;14,800826;77,5949;10,702745
141;beam_y;60x80;32,0;177,0112;19,888899;128,0;14,382022
142;beam_y;60x80;23,75;131,3755;18,120759;95,0;13,103448
143;beam_y;60x80;32,0;177,0112;19,888899;128,0;14,382022
144;beam_y;60x80;23,75;131,3755;18,120759;95,0;13,103448
145;beam_y;60x80;32,0;177,0112;19,888899;128,0;14,382022
146;beam_y;60x80;11,875;65,68775;9,060379;47,5;6,551724
147;beam_y;60x80;16,0;88,5056;9,944449;64,0;7,191011
148;beam_x;60x80;28,8564;159,622062;15,962206;115,4256;11,54256
149;beam_x;60x80;12,5;69,145;6,9145;50,0;5,0
150;beam_x;60x80;6,25;34,5725;6,9145;25,0;5,0
151;beam_x;60x80;25,0;138,29;13,829;100,0;10,0
152;beam_x;60x80;25,0;138,29;13,829;100,0;10,0
153;beam_x;60x80;12,5;69,145;13,829;50,0;10,0
154;beam_x;60x80;12,5;69,145;6,9145;50,0;5,0
155;beam_x;60x80;12,5;69,145;6,9145;50,0;5,0
156;beam_x;60x80;6,25;34,5725;6,9145;25,0;5,0
157;beam_y;60x80;23,75;131,3755;18,120759;95,0;13,103448
158;beam_y;60x80;32,0;177,0112;19,888899;128,0;14,382022
159;beam_y;60x80;23,75;131,3755;18,120759;95,0;13,103448
160;beam_y;60x80;32,0;177,0112;19,888899;128,0;14,382022
161;beam_y;60x80;23,75;131,3755;18,120759;95,0;13,103448
162;beam_y;60x80;32,0;177,0112;19,888899;128,0;14,382022
163;beam_y;60x80;19,493125;102,447336;14,130667;77,9725;10,754828
164;beam_y;60x80;25,721875;135,416369;15,215322;102,8875;11,560393
165;beam_x;60x80;28,8564;159,622062;15,962206;115,4256;11,54256
166;beam_x;60x80;12,5;69,145;6,9145;50,0;5,0
167;beam_x;60x80;6,25;34,5725;6,9145;25,0;5,0
168;beam_x;60x80;25,0;138,29;13,829;100,0;10,0
169;beam_x;60x80;25,0;138,29;13,829;100,0;10,0
170;beam_x;60x80;12,5;69,145;13,829;50,0;10,0
171;beam_x;60x80;12,5;69,145;6,9145;50,0;5,0
172;beam_x;60x80;12,5;69,145;6,9145;50,0;5,0
173;beam_x;60x80;6,25;34,5725;6,9145;25,0;5,0
174;beam_y;60x80;23,75;131,3755;18,120759;95,0;13,103448
175;beam_y;60x80;32,0;177,0112;19,888899;128,0;14,382022
176;beam_y;60x80;23,75;131,3755;18,120759;95,0;13,103448
177;beam_y;60x80;32,0;177,0112;19,888899;128,0;14,382022
178;beam_y;60x80;23,75;131,3755;18,120759;95,0;13,103448
179;beam_y;60x80;32,0;177,0112;19,888899;128,0;14,382022
180;beam_y;60x80;19,493125;102,447336;14,130667;77,9725;10,754828
181;beam_y;60x80;25,721875;135,416369;15,215322;102,8875;11,560393
182;beam_x;60x80;20,56085;113,734398;11,37344;82,2434;8,22434
183;beam_x;60x80;21,87505;121,004027;12,100403;87,5002;8,75002
184;beam_x;60x80;12,5;69,145;6,9145;50,0;5,0
185;beam_x;60x80;20,56085;113,734398;11,37344;82,2434;8,22434
186;beam_x;60x80;21,87505;121,004027;12,100403;87,5002;8,75002
187;beam_x;60x80;12,5;69,145;6,9145;50,0;5,0
188;beam_x;60x80;10,63;58,800908;5,880091;42,52;4,252
189;beam_x;60x80;21,92;121,252672;12,125267;87,68;8,768
190;beam_x;60x80;12,5;69,145;6,9145;50,0;5,0
191;beam_x;60x80;12,5;69,145;6,9145;50,0;5,0
192;beam_x;60x80;25,0;138,29;13,829;100,0;10,0
193;beam_x;60x80;12,5;69,145;6,9145;50,0;5,0
194;beam_x;60x80;3,12625;15,085032;3,017006;12,505;2,501
195;beam_x;60x80;6,2525;30,170063;6,034013;25,01;5,002
196;beam_x;60x80;3,12625;15,085032;3,017006;12,505;2,501
197;beam_x;60x80;3,12625;15,085032;3,017006;12,505;2,501
198;beam_x;60x80;6,2525;30,170063;6,034013;25,01;5,002
199;beam_x;60x80;3,12625;15,085032;3,017006;12,505;2,501
200;beam_y;60x80;7,380625;35,613582;4,912218;29,5225;4,072069
201;beam_y;60x80;9,401875;45,366679;5,09738;37,6075;4,225562
202;beam_y;60x80;7,380625;35,613582;4,912218;29,5225;4,072069
203;beam_y;60x80;9,401875;45,366679;5,09738;37,6075;4,225562
204;beam_y;60x80;19,351225;107,043236;14,764584;77,4049;10,676538
205;beam_y;60x80;32,0;177,0112;19,888899;128,0;14,382022
206;beam_y;60x80;23,75;131,3755;18,120759;95,0;13,103448
207;beam_y;60x80;32,0;177,0112;19,888899;128,0;14,382022
208;beam_y;60x80;23,75;131,3755;18,120759;95,0;13,103448
209;beam_y;60x80;32,0;177,0112;19,888899;128,0;14,382022
210;beam_y;60x80;23,75;131,3755;18,120759;95,0;13,103448
211;beam_y;60x80;32,0;177,0112;19,888899;128,0;14,382022
212;beam_y;60x80;23,75;131,3755;18,120759;95,0;13,103448
213;beam_y;60x80;32,0;177,0112;19,888899;128,0;14,382022
214;beam_y;60x80;23,75;131,3755;18,120759;95,0;13,103448
215;beam_y;60x80;32,0;177,0112;19,888899;128,0;14,382022
216;beam_y;60x80;23,75;131,3755;18,120759;95,0;13,103448
217;beam_y;60x80;32,0;177,0112;19,888899;128,0;14,382022
218;beam_y;60x80;23,75;131,3755;18,120759;95,0;13,103448
219;beam_y;60x80;32,0;177,0112;19,888899;128,0;14,382022
220;beam_y;60x80;23,75;131,3755;18,120759;95,0;13,103448
221;beam_y;60x80;32,0;177,0112;19,888899;128,0;14,382022
222;beam_y;60x80;19,351225;107,043236;14,764584;77,4049;10,676538
223;beam_y;60x80;32,0;177,0112;19,888899;128,0;14,382022
224;beam_y;60x80;20,065;110,991554;15,30918;80,26;11,070345
225;beam_y;60x80;32,0;177,0112;19,888899;128,0;14,382022
226;beam_y;60x80;23,75;131,3755;18,120759;95,0;13,103448
227;beam_y;60x80;32,0;177,0112;19,888899;128,0;14,382022
228;beam_y;40x60;14,99875;72,373168;9,982506;59,995;8,275172
229;beam_y;40x60;19,12375;92,277448;10,368253;76,495;8,594944
230;beam_y;40x60;14,99875;72,373168;9,982506;59,995;8,275172
231;beam_y;40x60;19,12375;92,277448;10,368253;76,495;8,594944
232;beam_y;60x80;14,99995;82,973723;11,444652;59,9998;8,275834
233;beam_y;60x80;4,2436;23,473898;5,697548;16,9744;4,12
234;beam_x;60x80;11,1858;61,875371;8,261064;44,7432;5,973725
235;beam_y;60x80;4,2436;23,473898;5,697548;16,9744;4,12
236;beam_y;60x80;14,99995;82,973723;11,444652;59,9998;8,275834
237;beam_y;60x80;4,2436;23,473898;5,697548;16,9744;4,12
238;beam_x;60x80;11,1858;61,875371;8,261064;44,7432;5,973725
239;beam_y;60x80;4,2436;23,473898;5,697548;16,9744;4,12
240;beam_x;30x45;4,6371;25,650582;5,130116;18,5484;3,70968
241;beam_x;30x45;4,6371;25,650582;5,130116;18,5484;3,70968
242;beam_y;60x80;1,5129;8,368758;3,401934;6,0516;2,46
243;beam_y;60x80;3,0258;16,737515;6,803868;12,1032;4,92
244;beam_y;60x80;1,5129;8,368758;3,401934;6,0516;2,46
245;beam_y;60x80;14,955;82,725078;11,410356;59,82;8,251034
246;beam_y;60x80;1,496;8,275274;3,363932;5,984;2,43252
247;beam_x;60x80;1,21;6,693236;3,04238;4,84;2,2
248;beam_y;60x80;1,496;8,275274;3,363932;5,984;2,43252
249;beam_y;60x80;4,2436;23,473898;5,697548;16,9744;4,12
250;beam_x;60x80;16,3564;90,477062;9,047706;65,4256;6,54256
251;beam_y;60x80;4,2436;23,473898;5,697548;16,9744;4,12
252;beam_y;60x80;4,2436;23,473898;5,697548;16,9744;4,12
253;beam_x;60x80;16,3564;90,477062;9,047706;65,4256;6,54256
254;beam_y;60x80;4,2436;23,473898;5,697548;16,9744;4,12
335;beam_x;60x80;13,01;71,966116;7,055502;52,04;5,101961
336;beam_x;60x80;13,01;71,966116;7,055502;52,04;5,101961
337;beam_x;60x80;13,01;71,966116;7,055502;52,04;5,101961
338;beam_x;60x80;13,01;71,966116;7,055502;52,04;5,101961
339;beam_x;60x80;13,01;71,966116;7,055502;52,04;5,101961
340;beam_x;60x80;30,04875;166,217666;16,29585;120,195;11,783824
341;beam_x;60x80;30,04875;166,217666;16,29585;120,195;11,783824
342;beam_x;60x80;30,04875;166,217666;16,29585;120,195;11,783824
343;beam_x;60x80;30,04875;166,217666;16,29585;120,195;11,783824
344;beam_x;60x80;26,02;143,932232;14,111003;104,08;10,203922
345;beam_x;60x80;18,55955;102,664007;10,266401;74,2382;7,42382
346;beam_x;60x80;18,55955;102,664007;10,266401;74,2382;7,42382
347;beam_x;60x80;18,55955;102,664007;10,266401;74,2382;7,42382
348;beam_x;60x80;18,55955;102,664007;10,266401;74,2382;7,42382
349;beam_x;60x80;12,99;71,855484;7,185548;51,96;5,196
350;beam_y;60x80;32,0;177,0112;19,888899;128,0;14,382022
351;beam_y;60x80;23,75;131,3755;18,120759;95,0;13,103448
352;beam_y;60x80;32,0;177,0112;19,888899;128,0;14,382022
353;beam_y;60x80;23,75;131,3755;18,120759;95,0;13,103448
354;beam_y;60x80;32,0;177,0112;19,888899;128,0;14,382022
355;beam_y;60x80;23,75;131,3755;18,120759;95,0;13,103448
356;beam_y;60x80;32,0;177,0112;19,888899;128,0;14,382022
357;beam_y;60x80;23,75;131,3755;18,120759;95,0;13,103448
358;beam_y;60x80;32,0;177,0112;19,888899;128,0;14,382022
359;beam_y;60x80;23,75;131,3755;18,120759;95,0;13,103448
360;beam_x;60x80;12,5;69,145;6,9145;50,0;5,0
361;beam_x;60x80;25,0;138,29;13,829;100,0;10,0
362;beam_x;60x80;12,5;69,145;6,9145;50,0;5,0
363;beam_y;60x80;29,171875;161,367144;18,13114;116,6875;13,110955
364;beam_y;60x80;21,953125;121,435906;16,74978;87,8125;12,112069
365;beam_x;60x80;12,5;69,145;6,9145;50,0;5,0
366;beam_x;60x80;25,0;138,29;13,829;100,0;10,0
367;beam_x;60x80;12,5;69,145;6,9145;50,0;5,0
368;beam_y;60x80;29,171875;161,367144;18,13114;116,6875;13,110955
369;beam_y;60x80;21,953125;121,435906;16,74978;87,8125;12,112069
370;beam_x;60x80;12,5;69,145;6,9145;50,0;5,0
371;beam_x;60x80;25,0;138,29;13,829;100,0;10,0
372;beam_x;60x80;12,5;69,145;6,9145;50,0;5,0
373;beam_y;60x80;29,171875;161,367144;18,13114;116,6875;13,110955
374;beam_y;60x80;21,953125;121,435906;16,74978;87,8125;12,112069
375;beam_x;60x80;12,5;69,145;6,9145;50,0;5,0
376;beam_x;60x80;25,0;138,29;13,829;100,0;10,0
377;beam_x;60x80;12,5;69,145;6,9145;50,0;5,0
378;beam_y;60x80;29,171875;161,367144;18,13114;116,6875;13,110955
379;beam_y;60x80;21,953125;121,435906;16,74978;87,8125;12,112069
380;beam_x;60x80;12,5;69,145;6,9145;50,0;5,0
381;beam_x;60x80;25,0;138,29;13,829;100,0;10,0
382;beam_x;60x80;12,5;69,145;6,9145;50,0;5,0
383;beam_y;60x80;29,171875;161,367144;18,13114;116,6875;13,110955
384;beam_y;60x80;21,953125;121,435906;16,74978;87,8125;12,112069
385;beam_x;60x80;10,546875;58,341094;5,185875;42,1875;3,75
386;beam_x;60x80;10,546875;58,341094;5,185875;42,1875;3,75
387;beam_x;60x80;10,546875;58,341094;5,185875;42,1875;3,75
388;beam_x;60x80;10,546875;58,341094;5,185875;42,1875;3,75
389;beam_x;60x80;10,546875;58,341094;5,185875;42,1875;3,75
390;beam_y;80x80;8,9625;49,576965;2,703952;35,85;1,955277
391;beam_y;80x80;8,9625;49,576965;2,703952;35,85;1,955277
392;beam_y;80x80;8,9625;49,576965;2,703952;35,85;1,955277
393;beam_y;80x80;8,9625;49,576965;2,703952;35,85;1,955277
394;beam_y;80x80;8,9625;49,576965;2,703952;35,85;1,955277
395;beam_x;60x80;10,546875;58,341094;5,185875;42,1875;3,75
396;beam_x;60x80;10,546875;58,341094;5,185875;42,1875;3,75
397;beam_x;60x80;10,546875;58,341094;5,185875;42,1875;3,75
398;beam_x;60x80;10,546875;58,341094;5,185875;42,1875;3,75
399;beam_x;60x80;10,546875;58,341094;5,185875;42,1875;3,75
400;beam_x;60x80;13,916194;76,978817;10,263842;55,664775;7,42197
401;beam_x;60x80;13,916194;76,978817;10,263842;55,664775;7,42197
402;beam_x;60x80;13,916194;76,978817;10,263842;55,664775;7,42197
403;beam_x;60x80;13,916194;76,978817;10,263842;55,664775;7,42197
404;beam_x;60x80;13,916194;76,978817;10,263842;55,664775;7,42197
405;beam_y;60x80;36,055;199,441838;27,509219;144,22;19,892414
406;beam_y;60x80;32,2803;178,561707;20,063113;129,1212;14,508
407;beam_y;60x80;23,75;131,3755;18,120759;95,0;13,103448
408;beam_y;60x80;32,0;177,0112;19,888899;128,0;14,382022
409;beam_y;60x80;16,786931;92,858589;12,808081;67,147725;9,261755
410;beam_y;60x80;22,828125;126,276056;14,188321;91,3125;10,259831
411;beam_y;60x80;15,856681;87,712818;12,09832;63,426725;8,748514
412;beam_y;60x80;21,856625;120,902107;13,584506;87,4265;9,823202
413;beam_y;60x80;36,055;199,441838;27,509219;144,22;19,892414
414;beam_y;60x80;32,2803;178,561707;20,063113;129,1212;14,508
415;beam_y;60x80;23,75;131,3755;18,120759;95,0;13,103448
416;beam_y;60x80;32,0;177,0112;19,888899;128,0;14,382022
417;beam_y;60x80;16,786931;92,858589;12,808081;67,147725;9,261755
418;beam_y;60x80;22,828125;126,276056;14,188321;91,3125;10,259831
419;beam_y;60x80;15,856681;87,712818;12,09832;63,426725;8,748514
420;beam_y;60x80;21,856625;120,902107;13,584506;87,4265;9,823202
421;beam_y;60x80;36,055;199,441838;27,509219;144,22;19,892414
422;beam_y;60x80;32,2803;178,561707;20,063113;129,1212;14,508
423;beam_y;60x80;23,75;131,3755;18,120759;95,0;13,103448
424;beam_y;60x80;32,0;177,0112;19,888899;128,0;14,382022
425;beam_y;60x80;16,786931;92,858589;12,808081;67,147725;9,261755
426;beam_y;60x80;22,828125;126,276056;14,188321;91,3125;10,259831
427;beam_y;60x80;15,856681;87,712818;12,09832;63,426725;8,748514
428;beam_y;60x80;21,856625;120,902107;13,584506;87,4265;9,823202
429;beam_y;60x80;36,055;199,441838;27,509219;144,22;19,892414
430;beam_y;60x80;32,2803;178,561707;20,063113;129,1212;14,508
431;beam_y;60x80;23,75;131,3755;18,120759;95,0;13,103448
432;beam_y;60x80;32,0;177,0112;19,888899;128,0;14,382022
433;beam_y;60x80;16,786931;92,858589;12,808081;67,147725;9,261755
434;beam_y;60x80;22,828125;126,276056;14,188321;91,3125;10,259831
435;beam_y;60x80;15,856681;87,712818;12,09832;63,426725;8,748514
436;beam_y;60x80;21,856625;120,902107;13,584506;87,4265;9,823202
437;beam_y;60x80;36,055;199,441838;27,509219;144,22;19,892414
438;beam_y;60x80;48,76;269,720816;30,30571;195,04;21,914607
439;beam_y;60x80;23,75;131,3755;18,120759;95,0;13,103448
440;beam_y;60x80;32,0;177,0112;19,888899;128,0;14,382022
441;beam_y;60x80;16,786931;92,858589;12,808081;67,147725;9,261755
442;beam_y;60x80;22,828125;126,276056;14,188321;91,3125;10,259831
443;beam_y;60x80;15,856681;87,712818;12,09832;63,426725;8,748514
444;beam_y;60x80;21,856625;120,902107;13,584506;87,4265;9,823202
588;beam_x;30x80;4,37125;24,180007;6,448002;17,485;4,662667
589;beam_x;30x80;6,884944;38,084755;10,155935;27,539775;7,34394
590;beam_x;30x80;4,37125;24,180007;6,448002;17,485;4,662667
591;beam_x;30x80;7,03125;38,894063;10,37175;28,125;7,5
592;beam_x;30x80;4,37125;24,180007;6,448002;17,485;4,662667
593;beam_x;30x80;6,884944;38,084755;10,155935;27,539775;7,34394
594;beam_x;30x80;4,37125;24,180007;6,448002;17,485;4,662667
595;beam_x;30x80;7,03125;38,894063;10,37175;28,125;7,5
596;beam_x;30x80;4,37125;24,180007;6,448002;17,485;4,662667
597;beam_x;30x80;6,884944;38,084755;10,155935;27,539775;7,34394
598;beam_x;30x80;4,37125;24,180007;6,448002;17,485;4,662667
599;beam_x;30x80;7,03125;38,894063;10,37175;28,125;7,5
600;beam_x;30x80;4,37125;24,180007;6,448002;17,485;4,662667
601;beam_x;30x80;6,884944;38,084755;10,155935;27,539775;7,34394
602;beam_x;30x80;4,37125;24,180007;6,448002;17,485;4,662667
603;beam_x;30x80;7,03125;38,894063;10,37175;28,125;7,5
604;beam_x;30x80;4,37125;24,180007;6,448002;17,485;4,662667
605;beam_x;30x80;6,884944;38,084755;10,155935;27,539775;7,34394
606;beam_x;30x80;4,37125;24,180007;6,448002;17,485;4,662667
607;beam_x;30x80;7,03125;38,894063;10,37175;28,125;7,5
