id,piso,x_cm,y_cm,z_cm,ux_mm,uy_mm,uz_mm,u_planta_mm,rx_rad,ry_rad,rz_rad
1,Subterraneo,0,0,0,0.0,0.0,0.0,0.0,0.0,0.0,0.0
2,Subterraneo,0,725.0,0,0.0,0.0,0.0,0.0,0.0,0.0,0.0
3,Subterraneo,0,1615.0,0,0.0,0.0,0.0,0.0,0.0,0.0,0.0
4,Subterraneo,-1000,0,0,0.0,0.0,0.0,0.0,0.0,0.0,0.0
5,Subterraneo,-1000,725.0,0,0.0,0.0,0.0,0.0,0.0,0.0,0.0
6,Subterraneo,-1000,1615.0,0,0.0,0.0,0.0,0.0,0.0,0.0,0.0
7,Piso 1,0,0,356.0,-0.036153,-0.014644,-0.286192,0.039006,2.96526e-05,-7.49475e-05,-2.024e-07
8,Piso 1,0,725.0,356.0,-0.034686,-0.014644,-0.438719,0.03765,-1.26874e-05,-0.0001193696,-2.024e-07
9,Piso 1,0,1615.0,356.0,-0.032884,-0.014644,-0.346365,0.035997,-6.36228e-05,-9.33966e-05,-2.024e-07
10,Piso 1,-1000,0,356.0,-0.138403,-0.008609,-0.668666,0.13867,4.10738e-05,-7.53466e-05,-1.42516e-05
11,Piso 1,-1000,725.0,356.0,-0.034686,-0.01262,-0.819049,0.03691,-2.53912e-05,0.0001108703,-2.024e-07
12,Piso 1,-1000,1615.0,356.0,-0.129531,0.00485,-0.592955,0.129622,-3.10629e-05,-6.37102e-05,9.464e-06
13,Piso 1,-2000,0,356.0,0.0,0.0,0.0,0.0,0.0,0.0,0.0
14,Piso 1,-2000,725.0,356.0,0.0,0.0,0.0,0.0,0.0,0.0,0.0
15,Piso 1,-2000,1615.0,356.0,0.0,0.0,0.0,0.0,0.0,0.0,0.0
16,Piso 1,-3000,0,356.0,0.0,0.0,0.0,0.0,0.0,0.0,0.0
17,Piso 1,-3000,725.0,356.0,0.0,0.0,0.0,0.0,0.0,0.0,0.0
18,Piso 1,-3000,1615.0,356.0,0.0,0.0,0.0,0.0,0.0,0.0,0.0
19,Piso 1,-4000,0,356.0,0.0,0.0,0.0,0.0,0.0,0.0,0.0
20,Piso 1,-4000,725.0,356.0,0.0,0.0,0.0,0.0,0.0,0.0,0.0
21,Piso 1,-4000,1615.0,356.0,0.0,0.0,0.0,0.0,0.0,0.0,0.0
22,Piso 1,-4500,0,356.0,0.0,0.0,0.0,0.0,0.0,0.0,0.0
23,Piso 1,-4500,725.0,356.0,0.0,0.0,0.0,0.0,0.0,0.0,0.0
24,Piso 1,-4500,1615.0,356.0,0.0,0.0,0.0,0.0,0.0,0.0,0.0
25,Piso 2,0,0,712.0,-0.160615,-0.09106,-0.527302,0.184632,0.0001150512,-7.26937e-05,-6.039e-07
26,Piso 2,0,725.0,712.0,-0.156237,-0.09106,-0.814689,0.180837,-8.52058e-05,-0.0001032778,-6.039e-07
27,Piso 2,0,1615.0,712.0,-0.150862,-0.09106,-0.646516,0.176214,0.0001103905,-0.0001174447,-6.039e-07
28,Piso 2,-1000,-412.0,712.0,-0.163103,-0.085022,-2.403578,0.183933,0.000297464,-0.0003250069,-6.039e-07
29,Piso 2,-1000,0,712.0,-0.160615,-0.085022,-1.31587,0.18173,5.22612e-05,-0.0002002009,-6.039e-07
30,Piso 2,-1000,725.0,712.0,-0.156237,-0.085022,-1.610985,0.177873,1.2817e-06,-0.0002265035,-6.039e-07
31,Piso 2,-1000,1615.0,712.0,-0.150862,-0.085022,-1.13405,0.173171,0.0001702751,-9.04737e-05,-6.039e-07
32,Piso 2,-1500,0,712.0,-0.160615,-0.082003,-4.21338,0.180337,-0.0001214058,-9.11493e-05,-6.039e-07
33,Piso 2,-1500,725.0,712.0,-0.156237,-0.082003,-4.781786,0.176449,-4.84543e-05,6.93131e-05,-6.039e-07
34,Piso 2,-1500,1615.0,712.0,-0.150862,-0.082003,-2.809818,0.171709,0.0005089699,0.0001078134,-6.039e-07
35,Piso 2,-1749.0,-412.0,712.0,-0.163103,-0.080499,-3.706221,0.181886,0.0002036658,0.0002501815,-6.039e-07
36,Piso 2,-1749.0,0,712.0,-0.160615,-0.080499,-3.098168,0.179659,-2.9839e-06,0.0009139559,-6.039e-07
37,Piso 2,-1749.0,725.0,712.0,-0.156237,-0.080499,-3.004763,0.175756,5.11918e-05,0.0011125141,-6.039e-07
38,Piso 2,-2000,0,712.0,-0.160615,-0.078983,-0.815357,0.178985,-2.61667e-05,0.0002454076,-6.039e-07
39,Piso 2,-2000,725.0,712.0,-0.156237,-0.078983,-0.933993,0.175067,3.0425e-06,5.94699e-05,-6.039e-07
40,Piso 2,-2000,1615.0,712.0,-0.150862,-0.078983,-0.578652,0.170288,0.0001907373,-1.87886e-05,-6.039e-07
41,Piso 2,-2500,0,712.0,-0.160615,-0.075964,-1.982952,0.177673,-0.0003175169,-2.15657e-05,-6.039e-07
42,Piso 2,-2500,725.0,712.0,-0.156237,-0.075964,-3.787862,0.173725,-0.000143931,2.1612e-06,-6.039e-07
43,Piso 2,-2500,1615.0,712.0,-0.150862,-0.075964,-2.398262,0.168908,0.000486971,1.63907e-05,-6.039e-07
44,Piso 2,-3000,0,712.0,-0.160615,-0.072945,-0.688062,0.176403,-5.51986e-05,-7.42586e-05,-6.039e-07
45,Piso 2,-3000,725.0,712.0,-0.156237,-0.072945,-0.900786,0.172426,-4.2533e-06,-5.25423e-05,-6.039e-07
46,Piso 2,-3000,1615.0,712.0,-0.150862,-0.072945,-0.573807,0.167572,0.0001876745,-4.8024e-05,-6.039e-07
47,Piso 2,-3500,0,712.0,-0.160615,-0.069926,-2.382782,0.175176,-0.0002794029,3.97544e-05,-6.039e-07
48,Piso 2,-3500,725.0,712.0,-0.156237,-0.069926,-4.031796,0.171171,-0.0001270209,1.4978e-05,-6.039e-07
49,Piso 2,-3500,1615.0,712.0,-0.150862,-0.069926,-2.557346,0.16628,0.0004501219,1.14453e-05,-6.039e-07
50,Piso 2,-4000,0,712.0,-0.160615,-0.066906,-0.364136,0.173993,8.80317e-05,0.000100711,-6.039e-07
51,Piso 2,-4000,725.0,712.0,-0.156237,-0.066906,-0.593688,0.16996,1.25392e-05,0.0001847422,-6.039e-07
52,Piso 2,-4000,1615.0,712.0,-0.150862,-0.066906,-0.392009,0.165033,2.47866e-05,0.0001123538,-6.039e-07
53,Piso 2,-4500,0,712.0,-0.160615,-0.063887,-0.318856,0.172854,5.32758e-05,-5.48835e-05,-6.039e-07
54,Piso 2,-4500,725.0,712.0,-0.156237,-0.063887,-0.497245,0.168794,3.88192e-05,-6.46388e-05,-6.039e-07
55,Piso 2,-4500,1615.0,712.0,-0.150862,-0.063887,-0.332033,0.163832,4.72172e-05,-5.81409e-05,-6.039e-07
56,Piso 3,0,0,1068.0,-0.332343,-0.360005,-0.729577,0.489954,-4.5602e-06,-0.000124187,1.8775e-06
57,Piso 3,0,725.0,1068.0,-0.345955,-0.360005,-1.123811,0.499288,4.56542e-05,-0.0001599398,1.8775e-06
58,Piso 3,0,1615.0,1068.0,-0.362665,-0.360005,-0.868429,0.511008,8.8274e-05,-0.0001443702,1.8775e-06
59,Piso 3,-1000,-412.0,1068.0,-0.324607,-0.37878,-2.483757,0.498843,0.000201753,-0.0002901015,1.8775e-06
60,Piso 3,-1000,0,1068.0,-0.332343,-0.37878,-1.805709,0.503911,2.27528e-05,-0.0001462654,1.8775e-06
61,Piso 3,-1000,725.0,1068.0,-0.345955,-0.37878,-2.209706,0.51299,2.08463e-05,-0.0001723907,1.8775e-06
62,Piso 3,-1000,1615.0,1068.0,-0.362665,-0.37878,-1.538736,0.524405,0.0001617928,-0.0001233655,1.8775e-06
63,Piso 3,-1500,0,1068.0,-0.332343,-0.388168,-3.989512,0.511005,-0.0001766723,5.2786e-06,1.8775e-06
64,Piso 3,-1500,725.0,1068.0,-0.345955,-0.388168,-5.195093,0.519961,-0.0001034241,6.94501e-05,1.8775e-06
65,Piso 3,-1500,1615.0,1068.0,-0.362665,-0.388168,-3.270592,0.531225,0.0005180344,0.0001139548,1.8775e-06
66,Piso 3,-1749.0,-412.0,1068.0,-0.324607,-0.392843,-3.649575,0.509603,0.0002252376,0.0001719994,1.8775e-06
67,Piso 3,-1749.0,0,1068.0,-0.332343,-0.392843,-2.919044,0.514565,-6.2478e-06,0.0007403483,1.8775e-06
68,Piso 3,-1749.0,725.0,1068.0,-0.345955,-0.392843,-3.519416,0.52346,-2.15356e-05,0.001036525,1.8775e-06
69,Piso 3,-2000,-246.0,1068.0,-0.327724,-0.397555,-2.02005,0.515222,0.0003156347,-0.0001452457,1.8775e-06
70,Piso 3,-2000,0,1068.0,-0.332343,-0.397555,-1.421895,0.518172,9.29707e-05,-1.6023e-05,1.8775e-06
71,Piso 3,-2000,725.0,1068.0,-0.345955,-0.397555,-1.621641,0.527006,4.5332e-06,1.70845e-05,1.8775e-06
72,Piso 3,-2000,1615.0,1068.0,-0.362665,-0.397555,-1.011922,0.538123,0.0001948322,-2.93667e-05,1.8775e-06
73,Piso 3,-2500,-246.0,1068.0,-0.327724,-0.406943,-4.252546,0.522499,0.0002312699,1.66033e-05,1.8775e-06
74,Piso 3,-2500,0,1068.0,-0.332343,-0.406943,-3.841903,0.525409,3.51207e-05,1.51614e-05,1.8775e-06
75,Piso 3,-2500,725.0,1068.0,-0.345955,-0.406943,-4.486791,0.534123,-0.0001059192,1.48311e-05,1.8775e-06
76,Piso 3,-2500,1615.0,1068.0,-0.362665,-0.406943,-2.838856,0.545095,0.0005036356,2.12716e-05,1.8775e-06
77,Piso 3,-3000,-246.0,1068.0,-0.327724,-0.416331,-1.807401,0.529844,0.0002993532,0.0001892971,1.8775e-06
78,Piso 3,-3000,0,1068.0,-0.332343,-0.416331,-1.250623,0.532713,7.54437e-05,5.95456e-05,1.8775e-06
79,Piso 3,-3000,725.0,1068.0,-0.345955,-0.416331,-1.572198,0.541309,8.2394e-06,-4.4743e-05,1.8775e-06
80,Piso 3,-3000,1615.0,1068.0,-0.362665,-0.416331,-1.002651,0.552139,0.0001999056,-5.20384e-05,1.8775e-06
81,Piso 3,-3500,0,1068.0,-0.332343,-0.425718,-2.641613,0.540081,-0.000300299,5.24782e-05,1.8775e-06
82,Piso 3,-3500,725.0,1068.0,-0.345955,-0.425718,-4.559937,0.548563,-0.0001423093,4.23522e-05,1.8775e-06
83,Piso 3,-3500,1615.0,1068.0,-0.362665,-0.425718,-2.901689,0.559251,0.0005157307,3.52101e-05,1.8775e-06
84,Piso 3,-4000,0,1068.0,-0.332343,-0.435106,-0.665997,0.547512,-1.23099e-05,7.7686e-05,1.8775e-06
85,Piso 3,-4000,725.0,1068.0,-0.345955,-0.435106,-1.104769,0.555879,1.99134e-05,0.0001573359,1.8775e-06
86,Piso 3,-4000,1615.0,1068.0,-0.362665,-0.435106,-0.714746,0.56643,0.0002020862,8.60276e-05,1.8775e-06
87,Piso 3,-4500,0,1068.0,-0.332343,-0.444494,-0.603898,0.555001,4.02274e-05,-3.07175e-05,1.8775e-06
88,Piso 3,-4500,725.0,1068.0,-0.345955,-0.444494,-0.953774,0.563258,4.28244e-05,-2.58764e-05,1.8775e-06
89,Piso 3,-4500,1615.0,1068.0,-0.362665,-0.444494,-0.631343,0.573673,0.0001353823,-3.8422e-05,1.8775e-06
90,Piso 4,0,0,1424.0,-0.59837,-0.563656,-0.86272,0.822043,3.53304e-05,-0.0001123243,4.5489e-06
91,Piso 4,0,725.0,1424.0,-0.63135,-0.563656,-1.332055,0.846351,3.58994e-05,-0.0001443731,4.5489e-06
92,Piso 4,0,1615.0,1424.0,-0.671835,-0.563656,-1.013619,0.876966,8.38862e-05,-0.0001671154,4.5489e-06
93,Piso 4,-1000,-246.0,1424.0,-0.58718,-0.609145,-2.471022,0.846072,0.0001831669,-0.00044305,4.5489e-06
94,Piso 4,-1000,0,1424.0,-0.59837,-0.609145,-2.087815,0.853876,6.52604e-05,-0.0002911529,4.5489e-06
95,Piso 4,-1000,725.0,1424.0,-0.63135,-0.609145,-2.617605,0.877303,2.35211e-05,-0.0002731823,4.5489e-06
96,Piso 4,-1000,1615.0,1424.0,-0.671835,-0.609145,-1.80649,0.906874,0.0001500024,-0.0001435118,4.5489e-06
97,Piso 4,-1220.0,-246.0,1424.0,-0.58718,-0.619152,-3.579197,0.853305,0.0001273221,-0.000556519,4.5489e-06
98,Piso 4,-1220.0,0,1424.0,-0.59837,-0.619152,-3.444756,0.861044,-6.14802e-05,-0.0006576905,4.5489e-06
99,Piso 4,-1220.0,725.0,1424.0,-0.63135,-0.619152,-4.264271,0.884281,-1.80142e-05,-0.000901874,4.5489e-06
100,Piso 4,-1500,0,1424.0,-0.59837,-0.631889,-4.185419,0.870248,-0.00022184,0.0002190973,4.5489e-06
101,Piso 4,-1500,725.0,1424.0,-0.63135,-0.631889,-5.591885,0.893245,-0.0001016902,0.0002092268,4.5489e-06
102,Piso 4,-1500,1615.0,1424.0,-0.671835,-0.631889,-3.530364,0.922305,0.000524388,0.0001351351,4.5489e-06
103,Piso 4,-2000,-412.0,1424.0,-0.579629,-0.654634,-2.808978,0.874365,0.0002934501,-0.0002076699,4.5489e-06
104,Piso 4,-2000,0,1424.0,-0.59837,-0.654634,-1.814765,0.8869,4.41021e-05,-7.73158e-05,4.5489e-06
105,Piso 4,-2000,725.0,1424.0,-0.63135,-0.654634,-2.071281,0.909477,3.53261e-05,-6.87543e-05,4.5489e-06
106,Piso 4,-2000,1615.0,1424.0,-0.671835,-0.654634,-1.29852,0.938034,0.0001850329,-7.06013e-05,4.5489e-06
107,Piso 4,-2500,0,1424.0,-0.59837,-0.677379,-3.789104,0.903819,-0.000233537,5.07655e-05,4.5489e-06
108,Piso 4,-2500,725.0,1424.0,-0.63135,-0.677379,-5.052489,0.925983,-8.32851e-05,4.19335e-05,4.5489e-06
109,Piso 4,-2500,1615.0,1424.0,-0.671835,-0.677379,-3.153104,0.954046,0.0005153448,3.89312e-05,4.5489e-06
110,Piso 4,-3000,-412.0,1424.0,-0.579629,-0.700123,-2.702302,0.908923,0.0003104444,0.0001506997,4.5489e-06
111,Piso 4,-3000,0,1424.0,-0.59837,-0.700123,-1.644014,0.920988,4.84961e-05,-2.64627e-05,4.5489e-06
112,Piso 4,-3000,725.0,1424.0,-0.63135,-0.700123,-2.019743,0.942749,3.58576e-05,-6.57664e-05,4.5489e-06
113,Piso 4,-3000,1615.0,1424.0,-0.671835,-0.700123,-1.286569,0.970327,0.0001913061,-7.70761e-05,4.5489e-06
114,Piso 4,-3500,0,1424.0,-0.59837,-0.722868,-3.025424,0.938395,-0.0002994356,0.0001064104,4.5489e-06
115,Piso 4,-3500,725.0,1424.0,-0.63135,-0.722868,-4.923646,0.959761,-0.0001269032,7.43253e-05,4.5489e-06
116,Piso 4,-3500,1615.0,1424.0,-0.671835,-0.722868,-3.146086,0.986864,0.0005131654,6.08156e-05,4.5489e-06
117,Piso 4,-4000,0,1424.0,-0.59837,-0.745612,-0.865275,0.956025,2.80555e-05,5.65579e-05,4.5489e-06
118,Piso 4,-4000,725.0,1424.0,-0.63135,-0.745612,-1.440956,0.977006,4.11526e-05,0.0001232969,4.5489e-06
119,Piso 4,-4000,1615.0,1424.0,-0.671835,-0.745612,-0.926364,1.003643,0.0001732063,5.38836e-05,4.5489e-06
120,Piso 4,-4500,0,1424.0,-0.59837,-0.768357,-0.839495,0.973868,4.49476e-05,-0.0001191599,4.5489e-06
121,Piso 4,-4500,725.0,1424.0,-0.63135,-0.768357,-1.336678,0.994472,5.27837e-05,-0.0001482815,4.5489e-06
122,Piso 4,-4500,1615.0,1424.0,-0.671835,-0.768357,-0.880135,1.020654,0.0001652259,-0.0001353725,4.5489e-06
123,Piso 4,-4755.0,0,1424.0,-0.59837,-0.779957,-1.351678,0.983046,-6.96544e-05,-0.0001973176,4.5489e-06
124,Piso 4,-4755.0,725.0,1424.0,-0.63135,-0.779957,-2.051686,1.003461,-2.29702e-05,-0.0002662375,4.5489e-06
125,Piso 4,-4755.0,1615.0,1424.0,-0.671835,-0.779957,-1.460947,1.029415,0.0002758052,-0.0002244857,4.5489e-06
126,Piso 4,-5000,0,1424.0,-0.59837,-0.791101,-1.708159,0.991911,-7.36595e-05,-0.0001141458,4.5489e-06
127,Piso 4,-5000,725.0,1424.0,-0.63135,-0.791101,-2.488613,1.012148,-3.03678e-05,-0.0001240595,4.5489e-06
128,Piso 4,-5000,1615.0,1424.0,-0.671835,-0.791101,-1.870799,1.037884,0.0002254998,-0.000132073,4.5489e-06
129,Piso 4,0,0,1780.0,-0.977225,-0.891487,-0.926802,1.322769,-1.78964e-05,-0.0002467838,9.1279e-06
130,Piso 4,0,725.0,1780.0,-1.043402,-0.891487,-1.441408,1.372383,-1.25946e-05,-0.0003442975,9.1279e-06
131,Piso 4,0,1615.0,1780.0,-1.12464,-0.891487,-1.081893,1.435118,0.0001917857,-0.0002289563,9.1279e-06
132,Piso 4,-1000,0,1780.0,-0.977225,-0.982766,-2.203133,1.385928,-8.99491e-05,-0.0001622274,9.1279e-06
133,Piso 4,-1000,725.0,1780.0,-1.043402,-0.982766,-2.824549,1.433358,-2.43035e-05,-0.0002442893,9.1279e-06
134,Piso 4,-1000,1615.0,1780.0,-1.12464,-0.982766,-1.93663,1.493534,0.0003181711,-0.0002208501,9.1279e-06
135,Piso 4,-1500,0,1780.0,-0.977225,-1.028405,-3.831487,1.418656,-0.0003343915,9.73389e-05,9.1279e-06
136,Piso 4,-1500,725.0,1780.0,-1.043402,-1.028405,-5.814732,1.465027,-0.0001472454,0.0001430392,9.1279e-06
137,Piso 4,-1500,1615.0,1780.0,-1.12464,-1.028405,-3.798786,1.523953,0.0006111763,0.0001366559,9.1279e-06
138,Piso 4,-2000,-412.0,1780.0,-0.939618,-1.074045,-2.895233,1.427044,0.0002636692,-0.00024686,9.1279e-06
139,Piso 4,-2000,0,1780.0,-0.977225,-1.074045,-2.039445,1.452081,2.35489e-05,-0.0001125263,9.1279e-06
140,Piso 4,-2000,725.0,1780.0,-1.043402,-1.074045,-2.296283,1.497418,-1.79082e-05,-2.91618e-05,9.1279e-06
141,Piso 4,-2000,1615.0,1780.0,-1.12464,-1.074045,-1.438366,1.555117,0.0003453501,-2.49497e-05,9.1279e-06
142,Piso 4,-2500,0,1780.0,-0.977225,-1.119684,-4.107756,1.486156,-0.0002250213,4.48069e-05,9.1279e-06
143,Piso 4,-2500,725.0,1780.0,-1.043402,-1.119684,-5.265821,1.530484,-9.90889e-05,3.26184e-05,9.1279e-06
144,Piso 4,-2500,1615.0,1780.0,-1.12464,-1.119684,-3.208205,1.586981,0.0006103295,2.96728e-05,9.1279e-06
145,Piso 4,-3000,-412.0,1780.0,-0.939618,-1.165324,-2.790665,1.49695,0.000279565,0.000208381,9.1279e-06
146,Piso 4,-3000,0,1780.0,-0.977225,-1.165324,-1.871637,1.520838,2.99093e-05,2.96121e-05,9.1279e-06
147,Piso 4,-3000,725.0,1780.0,-1.043402,-1.165324,-2.243172,1.564182,-2.00932e-05,-6.59346e-05,9.1279e-06
148,Piso 4,-3000,1615.0,1780.0,-1.12464,-1.165324,-1.425121,1.619504,0.0003515003,-8.49338e-05,9.1279e-06
149,Piso 4,-3500,0,1780.0,-0.977225,-1.210963,-3.258587,1.556085,-0.0003344288,8.15587e-05,9.1279e-06
150,Piso 4,-3500,725.0,1780.0,-1.043402,-1.210963,-5.358963,1.598474,-0.0001591491,3.97315e-05,9.1279e-06
151,Piso 4,-3500,1615.0,1780.0,-1.12464,-1.210963,-3.430305,1.652648,0.0006066749,3.45637e-05,9.1279e-06
152,Piso 4,-4000,0,1780.0,-0.977225,-1.256603,-0.962273,1.59186,-4.79896e-05,0.0001747714,9.1279e-06
153,Piso 4,-4000,725.0,1780.0,-1.043402,-1.256603,-1.610426,1.633321,-1.20658e-05,0.0003001467,9.1279e-06
154,Piso 4,-4000,1615.0,1780.0,-1.12464,-1.256603,-1.030582,1.686376,0.0003122191,0.0001849118,9.1279e-06
155,Piso 4,-4500,0,1780.0,-0.977225,-1.302242,-0.898968,1.628128,-5.2944e-06,-0.0001161516,9.1279e-06
156,Piso 4,-4500,725.0,1780.0,-1.043402,-1.302242,-1.433934,1.668688,1.20201e-05,-0.0001393917,9.1279e-06
157,Piso 4,-4500,1615.0,1780.0,-1.12464,-1.302242,-0.943343,1.720654,0.0002568016,-0.0001323453,9.1279e-06
158,Piso 4,-4755.0,0,1780.0,-0.977225,-1.325518,-1.32452,1.646805,-4.30717e-05,-0.000180414,9.1279e-06
159,Piso 4,-4755.0,725.0,1780.0,-1.043402,-1.325518,-1.999203,1.686916,-3.6753e-06,-0.0002422534,9.1279e-06
160,Piso 4,-4755.0,1615.0,1780.0,-1.12464,-1.325518,-1.430796,1.738336,0.0002887263,-0.0002066603,9.1279e-06
161,Piso 4,-5000,0,1780.0,-0.977225,-1.347881,-1.774197,1.664858,-9.79775e-05,-0.0001827899,9.1279e-06
162,Piso 4,-5000,725.0,1780.0,-1.043402,-1.347881,-2.600766,1.704544,-4.51339e-05,-0.0002306451,9.1279e-06
163,Piso 4,-5000,1615.0,1780.0,-1.12464,-1.347881,-1.940213,1.755448,0.000253677,-0.0002040061,9.1279e-06
164,Subterraneo,80.0,0,0,0.0,0.0,0.0,0.0,0.0,0.0,0.0
165,Subterraneo,80.0,725.0,0,0.0,0.0,0.0,0.0,0.0,0.0,0.0
166,Subterraneo,80.0,1615.0,0,0.0,0.0,0.0,0.0,0.0,0.0,0.0
167,Piso 1,60.0,0,356.0,-0.042173,-0.024708,-0.160678,0.048878,-0.0007155849,0.0014331224,2.6655e-06
168,Piso 1,60.0,725.0,356.0,-0.042173,-0.024708,-0.160678,0.048878,2.23035e-05,0.0023558145,2.6655e-06
169,Piso 1,80.0,1615.0,356.0,-0.032884,-0.014806,-0.335019,0.036064,6.6736e-05,0.0002175568,-2.024e-07
170,Piso 2,60.0,0,712.0,-0.165189,-0.129799,-0.287107,0.210084,-0.0007363969,0.0015055619,1.04663e-05
171,Piso 2,60.0,725.0,712.0,-0.165189,-0.129799,-0.287107,0.210084,2.50451e-05,0.0024619089,1.04663e-05
172,Piso 2,80.0,1615.0,712.0,-0.150862,-0.091543,-0.604094,0.176464,9.66781e-05,0.0001500194,-6.039e-07
173,Piso 3,60.0,0,1068.0,-0.359763,-0.329065,-0.379173,0.487559,-0.0007648679,0.0015726736,-6.7223e-06
174,Piso 3,60.0,725.0,1068.0,-0.359763,-0.329065,-0.379173,0.487559,2.13349e-05,0.0025660375,-6.7223e-06
175,Piso 3,80.0,1615.0,1068.0,-0.362665,-0.358503,-0.805621,0.509951,0.0001251069,0.0001631346,1.8775e-06
176,Piso 4,60.0,0,1424.0,-0.60939,-0.576647,-0.436682,0.838975,-0.0007715737,0.0016148695,9.0837e-06
177,Piso 4,60.0,725.0,1424.0,-0.60939,-0.576647,-0.436682,0.838975,3.38756e-05,0.0026118019,9.0837e-06
178,Piso 4,80.0,1615.0,1424.0,-0.671835,-0.560017,-0.938903,0.874632,8.84153e-05,5.1908e-05,4.5489e-06
179,Piso 4,60.0,0,1780.0,-0.976736,-0.871614,-0.495216,1.309093,-0.0008704505,0.00166335,4.9752e-06
180,Piso 4,60.0,725.0,1780.0,-0.976736,-0.871614,-0.495216,1.309093,-0.0001647882,0.0029172928,4.9752e-06
181,Piso 4,80.0,1615.0,1780.0,-1.12464,-0.884185,-1.002098,1.430593,0.0002716544,0.0004113443,9.1279e-06
182,Subterraneo,1080.0,0,0,0.0,0.0,0.0,0.0,0.0,0.0,0.0
183,Subterraneo,1080.0,725.0,0,0.0,0.0,0.0,0.0,0.0,0.0,0.0
184,Subterraneo,1080.0,1615.0,0,0.0,0.0,0.0,0.0,0.0,0.0,0.0
185,Piso 1,1080.0,0,356.0,-0.036153,-0.01683,-0.757276,0.039879,-0.0001176367,-0.0001393239,-2.024e-07
186,Piso 1,1080.0,725.0,356.0,-0.034686,-0.01683,-1.266957,0.038553,-2.94304e-05,-0.0001845999,-2.024e-07
187,Piso 1,1080.0,1615.0,356.0,-0.032884,-0.01683,-0.761154,0.036941,0.0001699599,-4.97596e-05,-2.024e-07
188,Piso 2,1080.0,0,712.0,-0.160615,-0.097582,-1.366502,0.187934,-8.82636e-05,-0.0001256723,-6.039e-07
189,Piso 2,1080.0,725.0,712.0,-0.156237,-0.097582,-2.272994,0.184207,-7.4434e-06,-0.000164367,-6.039e-07
190,Piso 2,1080.0,1615.0,712.0,-0.150862,-0.097582,-1.36985,0.179671,0.0001830059,-4.7446e-05,-6.039e-07
191,Piso 3,1080.0,0,1068.0,-0.332343,-0.339728,-1.823341,0.475254,-0.0001003139,-0.0001458775,1.8775e-06
192,Piso 3,1080.0,725.0,1068.0,-0.345955,-0.339728,-3.024935,0.484871,-6.5645e-06,-0.0001883837,1.8775e-06
193,Piso 3,1080.0,1615.0,1068.0,-0.362665,-0.339728,-1.826012,0.496931,0.0002133014,-7.0508e-05,1.8775e-06
194,Piso 4,1080.0,0,1424.0,-0.59837,-0.514527,-2.125778,0.789167,-8.05618e-05,-0.0001480469,4.5489e-06
195,Piso 4,1080.0,725.0,1424.0,-0.63135,-0.514527,-3.526129,0.814457,5.8296e-06,-0.000177799,4.5489e-06
196,Piso 4,1080.0,1615.0,1424.0,-0.671835,-0.514527,-2.129028,0.846227,0.0001798307,-6.63269e-05,4.5489e-06
197,Piso 4,1080.0,0,1780.0,-0.977225,-0.792906,-2.270959,1.258439,-0.000227968,-0.0002553238,9.1279e-06
198,Piso 4,1080.0,725.0,1780.0,-1.043402,-0.792906,-3.780703,1.310491,-6.08514e-05,-0.0003657203,9.1279e-06
199,Piso 4,1080.0,1615.0,1780.0,-1.12464,-0.792906,-2.278493,1.37605,0.0004051507,-0.0001718152,9.1279e-06
200,Subterraneo,2080.0,0,0,0.0,0.0,0.0,0.0,0.0,0.0,0.0
201,Subterraneo,2080.0,725.0,0,0.0,0.0,0.0,0.0,0.0,0.0,0.0
202,Subterraneo,2080.0,1615.0,0,0.0,0.0,0.0,0.0,0.0,0.0,0.0
203,Piso 1,2080.0,0,356.0,-0.036153,-0.018854,-0.627047,0.040774,-8.16246e-05,-3.47362e-05,-2.024e-07
204,Piso 1,2080.0,725.0,356.0,-0.034686,-0.018854,-1.04185,0.039479,-3.8981e-05,-8.1632e-05,-2.024e-07
205,Piso 1,2080.0,1615.0,356.0,-0.032884,-0.018854,-0.714096,0.037906,0.0001563312,-2.94592e-05,-2.024e-07
206,Piso 2,2080.0,0,712.0,-0.160615,-0.103621,-1.132725,0.19114,-6.21718e-05,-5.87068e-05,-6.039e-07
207,Piso 2,2080.0,725.0,712.0,-0.156237,-0.103621,-1.869894,0.187476,-1.85797e-05,-9.87629e-05,-6.039e-07
208,Piso 2,2080.0,1615.0,712.0,-0.150862,-0.103621,-1.28624,0.183021,0.0001664287,-5.80573e-05,-6.039e-07
209,Piso 3,2080.0,0,1068.0,-0.332343,-0.320952,-1.513646,0.46202,-7.38841e-05,-7.21865e-05,1.8775e-06
210,Piso 3,2080.0,725.0,1068.0,-0.345955,-0.320952,-2.488511,0.471906,-2.04709e-05,-0.0001144488,1.8775e-06
211,Piso 3,2080.0,1615.0,1068.0,-0.362665,-0.320952,-1.716545,0.484289,0.0001886932,-7.60559e-05,1.8775e-06
212,Piso 4,2080.0,0,1424.0,-0.59837,-0.469038,-1.768569,0.760292,-6.5622e-05,-0.000120644,4.5489e-06
213,Piso 4,2080.0,725.0,1424.0,-0.63135,-0.469038,-2.899487,0.786511,-1.3406e-05,-0.0001528913,4.5489e-06
214,Piso 4,2080.0,1615.0,1424.0,-0.671835,-0.469038,-2.005174,0.819365,0.0001666693,-0.000133302,4.5489e-06
215,Piso 4,2080.0,0,1780.0,-0.977225,-0.701627,-1.895607,1.203016,-0.0001563703,-1.20302e-05,9.1279e-06
216,Piso 4,2080.0,725.0,1780.0,-1.043402,-0.701627,-3.105173,1.257365,-6.48565e-05,-0.0001303229,9.1279e-06
217,Piso 4,2080.0,1615.0,1780.0,-1.12464,-0.701627,-2.151044,1.325555,0.0003149704,7.3316e-06,9.1279e-06
218,Subterraneo,2830.0,725.0,0,0.0,0.0,0.0,0.0,0.0,0.0,0.0
219,Piso 1,2830.0,725.0,356.0,-0.034686,-0.020373,-0.808668,0.040226,-2.34426e-05,-0.0002033682,-2.024e-07
220,Piso 2,2830.0,725.0,712.0,-0.156237,-0.10815,-1.448594,0.190016,-7.2948e-06,-0.0002007806,-6.039e-07
221,Piso 3,2830.0,725.0,1068.0,-0.345955,-0.306871,-1.925029,0.462444,-9.7227e-06,-0.0002342847,1.8775e-06
222,Piso 4,2830.0,725.0,1424.0,-0.63135,-0.434921,-2.241651,0.766655,-9.8348e-06,-0.000231349,4.5489e-06
223,Piso 4,2830.0,725.0,1780.0,-1.043402,-0.633168,-2.401465,1.220487,-3.07252e-05,-0.0004300484,9.1279e-06
230,Subterraneo,3205.0,1615.0,0,0.0,0.0,0.0,0.0,0.0,0.0,0.0
231,Piso 1,3205.0,1615.0,356.0,-0.032884,-0.021132,-0.052389,0.039089,9.51591e-05,-2.67596e-05,-2.024e-07
232,Piso 2,3205.0,1615.0,712.0,-0.150862,-0.110414,-0.116241,0.186951,0.0001440031,-5.28586e-05,-6.039e-07
233,Piso 3,3205.0,1615.0,1068.0,-0.362665,-0.29983,-0.153258,0.470557,0.000184463,-7.74037e-05,1.8775e-06
234,Piso 4,3205.0,1615.0,1424.0,-0.671835,-0.417863,-0.179357,0.791184,0.0002040238,-0.0001082355,4.5489e-06
235,Piso 4,3205.0,1615.0,1780.0,-1.12464,-0.598938,-0.178089,1.274183,0.0002288756,-0.0001878287,9.1279e-06
236,Subterraneo,3225.0,-109.0,0,0.0,0.0,0.0,0.0,0.0,0.0,0.0
237,Subterraneo,3165.0,-109.0,0,0.0,0.0,0.0,0.0,0.0,0.0,0.0
238,Subterraneo,3165.0,182.5,0,0.0,0.0,0.0,0.0,0.0,0.0,0.0
239,Subterraneo,3225.0,182.5,0,0.0,0.0,0.0,0.0,0.0,0.0,0.0
240,Subterraneo,3020.0,-30.0,0,0.0,0.0,0.0,0.0,0.0,0.0,0.0
241,Subterraneo,3020.0,0,0,0.0,0.0,0.0,0.0,0.0,0.0,0.0
272,Subterraneo,3225.0,1432.5,0,0.0,0.0,0.0,0.0,0.0,0.0,0.0
273,Subterraneo,3165.0,1432.5,0,0.0,0.0,0.0,0.0,0.0,0.0,0.0
274,Subterraneo,3225.0,1724.5,0,0.0,0.0,0.0,0.0,0.0,0.0,0.0
275,Subterraneo,3165.0,1724.5,0,0.0,0.0,0.0,0.0,0.0,0.0,0.0
276,Subterraneo,3020.0,1615.0,0,0.0,0.0,0.0,0.0,0.0,0.0,0.0
277,Subterraneo,3020.0,1645.0,0,0.0,0.0,0.0,0.0,0.0,0.0,0.0
308,Subterraneo,3205.0,0,0,0.0,0.0,0.0,0.0,0.0,0.0,0.0
309,Piso 1,3205.0,0,356.0,-0.036153,-0.021132,-0.040571,0.041876,-6.83639e-05,-2.64203e-05,-2.024e-07
310,Piso 2,3205.0,0,712.0,-0.160615,-0.110414,-0.094003,0.194906,-9.55007e-05,-4.80052e-05,-6.039e-07
311,Piso 3,3205.0,0,1068.0,-0.332343,-0.29983,-0.121904,0.447605,-0.0001248605,-6.38708e-05,1.8775e-06
312,Piso 4,3205.0,0,1424.0,-0.59837,-0.417863,-0.141242,0.729833,-0.0001393084,-9.18996e-05,4.5489e-06
313,Piso 4,3205.0,0,1780.0,-0.977225,-0.598938,-0.139235,1.146165,-0.0001573125,-0.0001576859,9.1279e-06
314,Subterraneo,70.0,-35.0,0,0.0,0.0,0.0,0.0,0.0,0.0,0.0
315,Subterraneo,45.0,-35.0,0,0.0,0.0,0.0,0.0,0.0,0.0,0.0
316,Subterraneo,70.0,760.0,0,0.0,0.0,0.0,0.0,0.0,0.0,0.0
317,Subterraneo,45.0,760.0,0,0.0,0.0,0.0,0.0,0.0,0.0,0.0
338,Subterraneo,70.0,1585.0,0,0.0,0.0,0.0,0.0,0.0,0.0,0.0
339,Subterraneo,45.0,1585.0,0,0.0,0.0,0.0,0.0,0.0,0.0,0.0
340,Subterraneo,70.0,1000,-10.0,0.0,0.0,0.0,0.0,0.0,0.0,0.0
341,Subterraneo,45.0,1000,-10.0,0.0,0.0,0.0,0.0,0.0,0.0,0.0
362,Subterraneo,65.0,1307.0,0,0.0,0.0,0.0,0.0,0.0,0.0,0.0
363,Subterraneo,65.0,1277.0,0,0.0,0.0,0.0,0.0,0.0,0.0,0.0
364,Subterraneo,334.5,1307.0,0,0.0,0.0,0.0,0.0,0.0,0.0,0.0
365,Subterraneo,334.5,1277.0,0,0.0,0.0,0.0,0.0,0.0,0.0,0.0
386,Subterraneo,334.5,995.0,0,0.0,0.0,0.0,0.0,0.0,0.0,0.0
387,Subterraneo,309.5,995.0,0,0.0,0.0,0.0,0.0,0.0,0.0,0.0
398,Piso 1,3205.0,-109.0,356.0,-0.036374,-0.021132,0.0,0.042067,0.0,0.0,-2.024e-07
399,Piso 1,3205.0,1724.5,356.0,-0.032663,-0.021132,0.0,0.038902,0.0,0.0,-2.024e-07
400,Piso 2,3205.0,-109.0,712.0,-0.161273,-0.110414,0.0,0.195449,0.0,0.0,-6.039e-07
401,Piso 2,3205.0,1724.5,712.0,-0.150201,-0.110414,0.0,0.186418,0.0,0.0,-6.039e-07
402,Piso 3,3205.0,-109.0,1068.0,-0.330296,-0.29983,0.0,0.446087,0.0,0.0,1.8775e-06
403,Piso 3,3205.0,1724.5,1068.0,-0.364721,-0.29983,0.0,0.472143,0.0,0.0,1.8775e-06
404,Piso 4,3205.0,-109.0,1424.0,-0.593412,-0.417863,0.0,0.725773,0.0,0.0,4.5489e-06
405,Piso 4,3205.0,1724.5,1424.0,-0.676816,-0.417863,0.0,0.795418,0.0,0.0,4.5489e-06
406,Piso 4,3205.0,-109.0,1780.0,-0.967275,-0.598938,0.0,1.137694,0.0,0.0,9.1279e-06
407,Piso 4,3205.0,1724.5,1780.0,-1.134635,-0.598938,0.0,1.283014,0.0,0.0,9.1279e-06
408,Piso 1,580.0,0,356.0,-0.036153,-0.015818,-4.519577,0.039462,-0.0007155849,-0.0002869082,-2.024e-07
409,Piso 1,1580.0,0,356.0,-0.036153,-0.017842,-2.180586,0.040316,-0.0003480331,2.45562e-05,-2.024e-07
410,Piso 1,2455.0,0,356.0,-0.036153,-0.019614,-1.496658,0.041131,-0.0002525016,0.0001140367,-2.024e-07
411,Piso 1,2830.0,0,356.0,-0.036153,-0.020373,-0.775038,0.041498,-0.0002598979,-0.0003813607,-2.024e-07
412,Piso 1,580.0,725.0,356.0,-0.034686,-0.015818,-7.364529,0.038122,2.23035e-05,-0.000406386,-2.024e-07
413,Piso 1,1580.0,725.0,356.0,-0.034686,-0.017842,-4.038161,0.039006,-0.0001475667,3.09756e-05,-2.024e-07
414,Piso 1,2455.0,725.0,356.0,-0.034686,-0.019614,-2.137889,0.039847,-0.0001251715,7.5909e-06,-2.024e-07
415,Piso 1,580.0,1615.0,356.0,-0.032884,-0.015818,-3.008151,0.036491,0.0006714918,-7.1843e-06,-2.024e-07
416,Piso 1,1580.0,1615.0,356.0,-0.032884,-0.017842,-2.580514,0.037413,0.0004813442,1.39869e-05,-2.024e-07
417,Piso 1,2455.0,1615.0,356.0,-0.032884,-0.019614,-1.828275,0.038289,0.0004858209,0.000148388,-2.024e-07
418,Piso 1,2830.0,1615.0,356.0,-0.032884,-0.020373,-0.936809,0.038683,0.0004674545,-0.0004782145,-2.024e-07
419,Piso 2,580.0,0,712.0,-0.160615,-0.094563,-4.98776,0.186385,-0.0007363969,-0.0002346215,-6.039e-07
420,Piso 2,580.0,725.0,712.0,-0.156237,-0.094563,-8.018124,0.182625,2.50451e-05,-0.0003144407,-6.039e-07
421,Piso 2,580.0,1615.0,712.0,-0.150862,-0.094563,-3.370604,0.178049,0.0007065941,6.17457e-05,-6.039e-07
422,Piso 2,1580.0,0,712.0,-0.160615,-0.100601,-2.816849,0.18952,-0.0003701949,1.06334e-05,-6.039e-07
423,Piso 2,1580.0,725.0,712.0,-0.156237,-0.100601,-4.956716,0.185824,-0.000149819,6.2299e-06,-6.039e-07
424,Piso 2,1580.0,1615.0,712.0,-0.150862,-0.100601,-3.222981,0.181329,0.0005116561,1.33167e-05,-6.039e-07
425,Piso 2,2455.0,0,712.0,-0.160615,-0.105885,-1.859192,0.192377,-0.0002995488,6.15121e-05,-6.039e-07
426,Piso 2,2455.0,725.0,712.0,-0.156237,-0.105885,-2.843936,0.188737,-0.0001241274,-2.75938e-05,-6.039e-07
427,Piso 2,2455.0,1615.0,712.0,-0.150862,-0.105885,-2.226459,0.184313,0.000525659,8.98031e-05,-6.039e-07
428,Piso 2,2830.0,0,712.0,-0.160615,-0.10815,-0.908846,0.193632,-0.0003202163,-0.0004368465,-6.039e-07
429,Piso 2,2830.0,1615.0,712.0,-0.150862,-0.10815,-1.107585,0.185623,0.0005193279,-0.0005308968,-6.039e-07
430,Piso 3,580.0,0,1068.0,-0.332343,-0.349115,-5.38784,0.48201,-0.0007648679,-0.0001911446,1.8775e-06
431,Piso 3,580.0,725.0,1068.0,-0.345955,-0.349115,-8.594701,0.491494,2.13349e-05,-0.0002431721,1.8775e-06
432,Piso 3,580.0,1615.0,1068.0,-0.362665,-0.349115,-3.750814,0.503396,0.0007388585,0.0001045095,1.8775e-06
433,Piso 3,1580.0,0,1068.0,-0.332343,-0.33034,-3.242651,0.46859,-0.000400027,7.2042e-06,1.8775e-06
434,Piso 3,1580.0,725.0,1068.0,-0.345955,-0.33034,-5.608131,0.47834,-0.0001564418,-2.3608e-06,1.8775e-06
435,Piso 3,1580.0,1615.0,1068.0,-0.362665,-0.33034,-3.668006,0.490561,0.0005440725,1.86838e-05,1.8775e-06
436,Piso 3,2455.0,0,1068.0,-0.332343,-0.313912,-2.155895,0.457157,-0.0003397935,2.89029e-05,1.8775e-06
437,Piso 3,2455.0,725.0,1068.0,-0.345955,-0.313912,-3.40144,0.467146,-0.0001294777,-4.6076e-05,1.8775e-06
438,Piso 3,2455.0,1615.0,1068.0,-0.362665,-0.313912,-2.544313,0.479652,0.0005610624,4.99957e-05,1.8775e-06
439,Piso 3,2830.0,0,1068.0,-0.332343,-0.306871,-1.050317,0.452351,-0.0003647819,-0.0004805733,1.8775e-06
440,Piso 3,2830.0,1615.0,1068.0,-0.362665,-0.306871,-1.257216,0.475074,0.0005556964,-0.0005746985,1.8775e-06
441,Piso 4,580.0,0,1424.0,-0.59837,-0.537272,-5.639182,0.804182,-0.0007715737,-0.0001637097,4.5489e-06
442,Piso 4,580.0,725.0,1424.0,-0.63135,-0.537272,-8.896359,0.829014,3.38756e-05,-0.0001938464,4.5489e-06
443,Piso 4,580.0,1615.0,1424.0,-0.671835,-0.537272,-3.839235,0.860246,0.000737403,0.000156534,4.5489e-06
444,Piso 4,1580.0,0,1424.0,-0.59837,-0.491783,-3.595679,0.77453,-0.0004101903,1.18957e-05,4.5489e-06
445,Piso 4,1580.0,725.0,1424.0,-0.63135,-0.491783,-6.098036,0.800283,-0.0001563046,-7.018e-06,4.5489e-06
446,Piso 4,1580.0,1615.0,1424.0,-0.671835,-0.491783,-4.05159,0.832594,0.0005400051,2.87191e-05,4.5489e-06
447,Piso 4,2455.0,0,1424.0,-0.59837,-0.45198,-2.319194,0.749888,-0.0003602696,1.77868e-05,4.5489e-06
448,Piso 4,2455.0,725.0,1424.0,-0.63135,-0.45198,-3.722566,0.776459,-0.000130593,-5.55662e-05,4.5489e-06
449,Piso 4,2455.0,1615.0,1424.0,-0.671835,-0.45198,-2.725432,0.809721,0.0005724022,3.85657e-05,4.5489e-06
450,Piso 4,2830.0,0,1424.0,-0.59837,-0.434921,-1.161005,0.739732,-0.0003868946,-0.0005011505,4.5489e-06
451,Piso 4,2830.0,1615.0,1424.0,-0.671835,-0.434921,-1.390607,0.800324,0.000573829,-0.000594624,4.5489e-06
452,Piso 4,580.0,0,1780.0,-0.977225,-0.838545,-5.906258,1.287683,-0.0008704505,-0.0001403577,9.1279e-06
453,Piso 4,580.0,725.0,1780.0,-1.043402,-0.838545,-10.033014,1.338598,-0.0001647882,-0.0002028352,9.1279e-06
454,Piso 4,580.0,1615.0,1780.0,-1.12464,-0.838545,-4.755353,1.402845,0.0010285494,0.0001088159,9.1279e-06
455,Piso 4,1580.0,0,1780.0,-0.977225,-0.747266,-3.43616,1.230193,-0.0004738484,1.14602e-05,9.1279e-06
456,Piso 4,1580.0,725.0,1780.0,-1.043402,-0.747266,-6.108333,1.283392,-0.0001828296,2.17725e-05,9.1279e-06
457,Piso 4,1580.0,1615.0,1780.0,-1.12464,-0.747266,-3.87409,1.350267,0.0006531259,2.19878e-05,9.1279e-06
458,Piso 4,2455.0,0,1780.0,-0.977225,-0.667397,-3.30109,1.18338,-0.0002920083,0.0002647237,9.1279e-06
459,Piso 4,2455.0,725.0,1780.0,-1.043402,-0.667397,-4.151065,1.238591,-0.0001495608,-7.5118e-06,9.1279e-06
460,Piso 4,2455.0,1615.0,1780.0,-1.12464,-0.667397,-3.935028,1.307759,0.0005352614,0.0003386321,9.1279e-06
461,Piso 4,2830.0,0,1780.0,-0.977225,-0.633168,-2.58597,1.164418,-0.0002566839,-0.000633987,9.1279e-06
462,Piso 4,2830.0,1615.0,1780.0,-1.12464,-0.633168,-3.10213,1.290626,0.0004649503,-0.0007658803,9.1279e-06
463,Subterraneo,-330.0,388.0,0,0.0,0.0,0.0,0.0,0.0,0.0,0.0
464,Subterraneo,-330.0,230.0,0,0.0,0.0,0.0,0.0,0.0,0.0,0.0
465,Subterraneo,-670.0,388.0,0,0.0,0.0,0.0,0.0,0.0,0.0,0.0
466,Subterraneo,-670.0,230.0,0,0.0,0.0,0.0,0.0,0.0,0.0,0.0
487,Subterraneo,-360.0,1225.0,0,0.0,0.0,0.0,0.0,0.0,0.0,0.0
488,Subterraneo,-360.0,1000.0,0,0.0,0.0,0.0,0.0,0.0,0.0,0.0
489,Subterraneo,-640.0,1000.0,0,0.0,0.0,0.0,0.0,0.0,0.0,0.0
490,Subterraneo,-640.0,1225.0,0,0.0,0.0,0.0,0.0,0.0,0.0,0.0
511,Piso 1,2830.0,1188.5,356.0,-0.033747,-0.020373,-2.492122,0.03942,-4.78967e-05,-0.0003072289,-2.024e-07
512,Piso 1,2830.0,426.5,356.0,-0.03529,-0.020373,-1.473307,0.040748,0.0001222633,-0.0001780557,-2.024e-07
513,Piso 1,2455.0,1188.5,356.0,-0.033747,-0.019614,-3.393813,0.039033,-4.506e-06,-5.34716e-05,-2.024e-07
514,Piso 1,2455.0,426.5,356.0,-0.03529,-0.019614,-2.228191,0.040374,2.24357e-05,-5.73144e-05,-2.024e-07
515,Piso 1,3205.0,1188.5,356.0,-0.033747,-0.021132,-1.828416,0.039818,0.0004435301,-6.58347e-05,-2.024e-07
516,Piso 1,3205.0,426.5,356.0,-0.03529,-0.021132,-1.628517,0.041133,-0.000433669,4.53591e-05,-2.024e-07
517,Piso 2,2830.0,1188.5,712.0,-0.153438,-0.10815,-2.907565,0.187722,1.07717e-05,-0.0003536694,-6.039e-07
518,Piso 2,2830.0,426.5,712.0,-0.158039,-0.10815,-1.960287,0.191501,3.81103e-05,-0.0002296879,-6.039e-07
519,Piso 2,2455.0,1188.5,712.0,-0.153438,-0.105885,-3.982169,0.186427,3.91132e-05,-0.0001000833,-6.039e-07
520,Piso 2,2455.0,426.5,712.0,-0.158039,-0.105885,-2.847697,0.190232,-3.27434e-05,-9.24694e-05,-6.039e-07
521,Piso 2,3205.0,1188.5,712.0,-0.153438,-0.110414,-2.012876,0.189036,0.000470723,-0.0001210322,-6.039e-07
522,Piso 2,3205.0,426.5,712.0,-0.158039,-0.110414,-1.772984,0.192789,-0.0004723259,-2.56713e-05,-6.039e-07
523,Piso 3,2830.0,1188.5,1068.0,-0.354657,-0.306871,-3.244255,0.46899,5.54735e-05,-0.0003978321,1.8775e-06
524,Piso 3,2830.0,426.5,1068.0,-0.340351,-0.306871,-2.330543,0.458266,-1.42699e-05,-0.0002758468,1.8775e-06
525,Piso 3,2455.0,1188.5,1068.0,-0.354657,-0.313912,-4.459977,0.473627,7.36184e-05,-0.0001322155,1.8775e-06
526,Piso 3,2455.0,426.5,1068.0,-0.340351,-0.313912,-3.335036,0.463011,-7.20284e-05,-0.00011651,1.8775e-06
527,Piso 3,3205.0,1188.5,1068.0,-0.354657,-0.29983,-2.166806,0.464413,0.0004951777,-0.0001620529,1.8775e-06
528,Piso 3,3205.0,426.5,1068.0,-0.340351,-0.29983,-1.919024,0.453582,-0.0005008629,-7.12768e-05,1.8775e-06
529,Piso 4,2830.0,1188.5,1424.0,-0.652434,-0.434921,-3.465167,0.784109,8.03452e-05,-0.0004204979,4.5489e-06
530,Piso 4,2830.0,426.5,1424.0,-0.617771,-0.434921,-2.573964,0.755512,-4.86944e-05,-0.0002981618,4.5489e-06
531,Piso 4,2455.0,1188.5,1424.0,-0.652434,-0.45198,-4.726489,0.793698,9.52898e-05,-0.0001408026,4.5489e-06
532,Piso 4,2455.0,426.5,1424.0,-0.617771,-0.45198,-3.615006,0.765459,-9.71145e-05,-0.0001234962,4.5489e-06
533,Piso 4,3205.0,1188.5,1424.0,-0.652434,-0.417863,-2.213729,0.774777,0.000506274,-0.0002144265,4.5489e-06
534,Piso 4,3205.0,426.5,1424.0,-0.617771,-0.417863,-1.967054,0.745822,-0.0005142407,-0.0001260024,4.5489e-06
535,Piso 4,2830.0,1188.5,1780.0,-1.08571,-0.633168,-4.283463,1.256848,-0.000128373,-0.0005628369,9.1279e-06
536,Piso 4,2830.0,426.5,1780.0,-1.016155,-0.633168,-3.074285,1.197277,0.0001466578,-0.0004140136,9.1279e-06
537,Piso 4,2455.0,1188.5,1780.0,-1.08571,-0.667397,-5.558535,1.274435,-2.87508e-05,-2.20116e-05,9.1279e-06
538,Piso 4,2455.0,426.5,1780.0,-1.016155,-0.667397,-4.181374,1.215726,1.2428e-06,-4.01966e-05,9.1279e-06
539,Piso 4,3205.0,1188.5,1780.0,-1.08571,-0.598938,-2.45308,1.239957,0.000520021,-0.0003118822,9.1279e-06
540,Piso 4,3205.0,426.5,1780.0,-1.016155,-0.598938,-2.139664,1.179533,-0.0005264189,-0.0001846748,9.1279e-06
9000,Subterraneo,,,,0.0,0.0,0.0,0.0,0.0,0.0,0.0
9001,Subterraneo,,,,-0.036815,-0.022415,-0.068624,0.043102,-6.8003e-05,-2.31094e-05,1.2957e-06
9002,Subterraneo,,,,-0.160082,-0.111205,-0.125487,0.194918,-5.12153e-05,-4.20387e-05,6.092e-07
9003,Subterraneo,,,,-0.333035,-0.299645,-0.163817,0.447995,-6.80525e-05,-5.85077e-05,2.1913e-06
9004,Subterraneo,,,,-0.600731,-0.420219,-0.188269,0.733118,-5.83675e-05,-9.60382e-05,4.3295e-06
9005,Subterraneo,,,,-0.979074,-0.594808,-0.202293,1.145593,-0.0001233499,-0.0001131583,3.2407e-06
9006,Subterraneo,,,,0.0,0.0,0.0,0.0,0.0,0.0,0.0
9007,Subterraneo,,,,-0.035379,-0.022118,-0.032038,0.041724,-5.64712e-05,-9.1735e-06,1.02744e-05
9008,Subterraneo,,,,-0.020522,-0.035604,0.0,0.041095,0.0,0.0,8.3722e-06
9009,Subterraneo,,,,-0.161007,-0.109866,-0.082623,0.194921,-0.0001052107,-3.72581e-05,-3.9226e-06
9010,Subterraneo,,,,-0.143643,-0.130149,0.0,0.193835,0.0,0.0,7.9638e-06
9011,Subterraneo,,,,-0.332461,-0.29934,-0.107374,0.447365,-0.0001368274,-5.17061e-05,-2.7089e-06
9012,Subterraneo,,,,-0.314535,-0.324826,0.0,0.452156,0.0,0.0,1.3843e-05
9013,Subterraneo,,,,-0.598135,-0.417569,-0.126676,0.729472,-0.0001569817,-7.75938e-05,-6.881e-07
9014,Subterraneo,,,,-0.576963,-0.450639,0.0,0.732095,0.0,0.0,1.89756e-05
9015,Subterraneo,,,,-0.976369,-0.598998,-0.126723,1.145467,-0.0001641578,-0.0001166778,3.1459e-06
9016,Subterraneo,,,,0.0,0.0,0.0,0.0,0.0,0.0,0.0
9017,Subterraneo,,,,-0.032985,-0.020086,-0.090943,0.038619,0.0001011081,-2.04888e-05,7.36e-08
9018,Subterraneo,,,,-0.15091,-0.110679,-0.169116,0.187146,0.0001207662,-4.66198e-05,1.126e-06
9019,Subterraneo,,,,-0.361045,-0.299459,-0.220682,0.469073,0.0001445087,-7.02909e-05,3.3197e-06
9020,Subterraneo,,,,-0.671513,-0.417148,-0.253446,0.790533,0.0001349693,-0.0001126271,3.59e-06
9021,Subterraneo,,,,-1.121204,-0.603436,-0.27211,1.273276,0.0002125914,-0.0001355034,6.5504e-06
9022,Subterraneo,,,,0.0,0.0,0.0,0.0,0.0,0.0,0.0
9023,Subterraneo,,,,-0.031796,-0.019759,-0.040145,0.037436,7.61982e-05,-7.0476e-06,-1.41212e-05
9024,Subterraneo,,,,-0.011309,-0.003515,0.0,0.011843,0.0,0.0,-2.74308e-05
9025,Subterraneo,,,,-0.151303,-0.111158,-0.098254,0.187746,0.0001448948,-3.71305e-05,5.6828e-06
9026,Subterraneo,,,,-0.129095,-0.090273,0.0,0.157527,0.0,0.0,-2.72776e-05
9027,Subterraneo,,,,-0.363502,-0.300873,-0.1315,0.471867,0.0001888902,-6.30631e-05,8.4808e-06
9028,Subterraneo,,,,-0.341212,-0.279795,0.0,0.44126,0.0,0.0,-2.30315e-05
9029,Subterraneo,,,,-0.67313,-0.419298,-0.156898,0.793041,0.0002147034,-9.04615e-05,1.19175e-05
9030,Subterraneo,,,,-0.647448,-0.402811,0.0,0.762526,0.0,0.0,-2.31746e-05
9031,Subterraneo,,,,-1.126642,-0.600841,-0.157799,1.276845,0.0002264695,-0.0001392073,1.66115e-05
9032,Subterraneo,,,,0.0,0.0,0.0,0.0,0.0,0.0,0.0
9033,Subterraneo,,,,-0.042173,-0.024708,-0.160678,0.048878,1.63671e-05,-2.35097e-05,0.0
9034,Subterraneo,,,,-0.165189,-0.129799,-0.287107,0.210084,4.3913e-05,-4.5166e-05,0.0
9035,Subterraneo,,,,-0.359763,-0.329065,-0.379173,0.487559,6.44625e-05,-6.34584e-05,0.0
9036,Subterraneo,,,,-0.60939,-0.576647,-0.436682,0.838975,7.47943e-05,-7.53271e-05,0.0
9037,Subterraneo,,,,-0.976736,-0.871614,-0.495216,1.309093,8.68869e-05,-0.000117117,0.0
9038,Subterraneo,,,,0.0,0.0,0.0,0.0,0.0,0.0,0.0
9039,Subterraneo,,,,-0.033537,-0.014761,-0.049037,0.036641,5.8559e-06,-2.09262e-05,-2.024e-07
9040,Subterraneo,,,,-0.15281,-0.091408,-0.08614,0.178062,5.36052e-05,-4.50676e-05,-6.039e-07
9041,Subterraneo,,,,-0.35661,-0.358925,-0.111306,0.505962,6.97496e-05,-7.10557e-05,1.8775e-06
9042,Subterraneo,,,,-0.657165,-0.56104,-0.124537,0.864079,6.31539e-05,-9.57276e-05,4.5489e-06
9043,Subterraneo,,,,-1.095203,-0.886238,-0.130505,1.40886,0.0001054448,-0.0001367027,9.1279e-06
9044,Subterraneo,,,,0.0,0.0,0.0,0.0,0.0,0.0,0.0
9045,Subterraneo,,,,-0.033538,-0.015048,-0.183409,0.036759,5.6477e-06,-2.04702e-05,-2.024e-07
9046,Subterraneo,,,,-0.152813,-0.092267,-0.354882,0.178508,5.51619e-05,-4.68941e-05,-6.039e-07
9047,Subterraneo,,,,-0.3566,-0.356254,-0.51442,0.504065,6.12379e-05,-6.41972e-05,1.8775e-06
9048,Subterraneo,,,,-0.657142,-0.554569,-0.662022,0.859874,8.94674e-05,-0.0001213135,4.5489e-06
9049,Subterraneo,,,,-1.095157,-0.873254,-0.66799,1.400693,8.95436e-05,-0.0001239001,9.1279e-06
9050,Subterraneo,,,,0.0,0.0,0.0,0.0,0.0,0.0,0.0
9051,Subterraneo,,,,-0.033854,-0.015296,-0.056842,0.037149,6.254e-06,-2.09689e-05,-2.024e-07
9052,Subterraneo,,,,-0.153755,-0.093005,-0.101748,0.179696,5.3359e-05,-4.56931e-05,-6.039e-07
9053,Subterraneo,,,,-0.353672,-0.353959,-0.134719,0.500371,6.57003e-05,-6.57681e-05,1.8775e-06
9054,Subterraneo,,,,-0.650046,-0.549008,-0.155754,0.850864,6.81121e-05,-0.0001094572,4.5489e-06
9055,Subterraneo,,,,-1.080917,-0.862095,-0.161722,1.382603,9.78626e-05,-0.0001268185,9.1279e-06
9056,Subterraneo,,,,0.0,0.0,0.0,0.0,0.0,0.0,0.0
9057,Subterraneo,,,,-0.000286,-0.009703,-0.024799,0.009707,-2.54511e-05,-4.21e-08,-2.057e-07
9058,Subterraneo,,,,0.0,0.0,0.0,0.0,0.0,0.0,0.0
9059,Subterraneo,,,,-0.14054,-0.008609,-0.674827,0.140804,4.10738e-05,-7.53466e-05,-1.42516e-05
9060,Subterraneo,,,,0.0,0.0,0.0,0.0,0.0,0.0,0.0
9061,Subterraneo,,,,-0.007385,-0.016764,-0.042673,0.018319,-1.02656e-05,-3.8885e-06,-1.3e-09
9062,Subterraneo,,,,-0.024418,-0.088362,-0.06256,0.091674,-4.18814e-05,-5.4648e-06,2.99e-08
9063,Subterraneo,,,,0.0,0.0,0.0,0.0,0.0,0.0,0.0
9064,Subterraneo,,,,1.2e-05,-0.005331,-0.017031,0.005331,3.581e-05,4.01e-08,7.14e-08
9065,Subterraneo,,,,0.0,0.0,0.0,0.0,0.0,0.0,0.0
9066,Subterraneo,,,,-0.003033,-0.013807,-0.018355,0.014136,-2.20056e-05,-1.6294e-06,1.298e-07
9067,Subterraneo,,,,0.0,0.0,0.0,0.0,0.0,0.0,0.0
9068,Subterraneo,,,,-0.130951,0.00485,-0.597615,0.131041,-3.10629e-05,-6.37102e-05,9.464e-06
9069,Subterraneo,,,,-0.035419,-0.006537,0.0,0.036018,0.0,0.0,-2.024e-07
9070,Subterraneo,,,,-0.035174,-0.064521,-0.019064,0.073485,-4.88592e-05,3.363e-07,-2.181e-07
9071,Subterraneo,,,,-0.033785,-0.006537,0.0,0.034412,0.0,0.0,-2.024e-07
9072,Subterraneo,,,,-0.033419,-0.066508,-0.015573,0.074432,2.48594e-05,2.618e-07,-2.052e-07
9073,Subterraneo,,,,0.0,0.0,0.0,0.0,0.0,0.0,0.0
9074,Subterraneo,,,,-0.035528,-0.013976,-0.068667,0.038178,4.8247e-06,-2.25177e-05,-2.024e-07
9075,Subterraneo,,,,0.0,0.0,0.0,0.0,0.0,0.0,0.0
9076,Subterraneo,,,,-0.035688,-0.013263,-0.050738,0.038072,-9.12e-08,-1.80168e-05,-2.024e-07
9077,Subterraneo,,,,0.0,0.0,0.0,0.0,0.0,0.0,0.0
9078,Subterraneo,,,,-0.035528,-0.013288,-0.068667,0.037931,4.1331e-06,-2.25177e-05,-2.024e-07
9079,Subterraneo,,,,-0.035688,-0.014001,0.0,0.038336,0.0,0.0,-2.024e-07
9080,Subterraneo,,,,-0.159226,-0.086939,-0.120849,0.181415,1.729e-07,-5.08286e-05,-6.039e-07
9081,Subterraneo,,,,-0.158749,-0.089068,-0.125398,0.182028,5.57582e-05,-4.37065e-05,-6.039e-07
9082,Subterraneo,,,,-0.158749,-0.087015,-0.125398,0.181032,5.67945e-05,-4.37065e-05,-6.039e-07
9083,Subterraneo,,,,-0.159226,-0.089143,0.0,0.182481,0.0,0.0,-6.039e-07
9084,Subterraneo,,,,-0.336661,-0.372819,-0.163863,0.502329,4.4671e-06,-7.09589e-05,1.8775e-06
9085,Subterraneo,,,,-0.338144,-0.366201,-0.170194,0.498442,6.89609e-05,-5.76704e-05,1.8775e-06
9086,Subterraneo,,,,-0.338144,-0.372584,-0.170194,0.503151,7.14667e-05,-5.76704e-05,1.8775e-06
9087,Subterraneo,,,,-0.336661,-0.365966,0.0,0.497264,0.0,0.0,1.8775e-06
9088,Subterraneo,,,,-0.608833,-0.594702,-0.239469,0.851086,4.1678e-06,-0.0001063425,4.5489e-06
9089,Subterraneo,,,,-0.612426,-0.578667,-0.203054,0.842568,8.09818e-05,-0.0001079242,4.5489e-06
9090,Subterraneo,,,,-0.612426,-0.594133,-0.203054,0.853265,8.46862e-05,-0.0001079242,4.5489e-06
9091,Subterraneo,,,,-0.608833,-0.578099,0.0,0.839568,0.0,0.0,4.5489e-06
9092,Subterraneo,,,,-0.998219,-0.953785,-0.333015,1.380633,6.9853e-06,-0.0001501217,9.1279e-06
9093,Subterraneo,,,,-1.00543,-0.921609,-0.209022,1.363911,0.0001040071,-0.0001116293,9.1279e-06
9094,Subterraneo,,,,-1.00543,-0.952644,-0.209022,1.38507,0.0001087147,-0.0001116293,9.1279e-06
9095,Subterraneo,,,,0.0,0.0,0.0,0.0,0.0,0.0,0.0
9096,Subterraneo,,,,-0.033901,-0.013915,-0.060659,0.036646,4.8311e-06,-2.09383e-05,-2.024e-07
9097,Subterraneo,,,,0.0,0.0,0.0,0.0,0.0,0.0,0.0
9098,Subterraneo,,,,-0.033674,-0.013318,-0.039359,0.036212,-2.31e-08,-1.62827e-05,-2.024e-07
9099,Subterraneo,,,,0.0,0.0,0.0,0.0,0.0,0.0,0.0
9100,Subterraneo,,,,-0.033901,-0.013349,-0.060659,0.036435,4.264e-06,-2.09383e-05,-2.024e-07
9101,Subterraneo,,,,-0.033674,-0.013946,0.0,0.036447,0.0,0.0,-2.024e-07
9102,Subterraneo,,,,-0.153218,-0.087105,-0.09726,0.176247,6.481e-07,-4.89428e-05,-6.039e-07
9103,Subterraneo,,,,-0.153218,-0.088977,0.0,0.177179,0.0,0.0,-6.039e-07
9104,Subterraneo,,,,-0.355343,-0.372303,-0.152942,0.514663,6.8533e-06,-8.03518e-05,1.8775e-06
9105,Subterraneo,,,,-0.355343,-0.366482,0.0,0.510468,0.0,0.0,1.8775e-06
9106,Subterraneo,,,,-0.654094,-0.593451,-0.218095,0.883189,6.1199e-06,-0.000117103,4.5489e-06
9107,Subterraneo,,,,-0.654094,-0.579349,0.0,0.873776,0.0,0.0,4.5489e-06
9108,Subterraneo,,,,-1.089041,-0.951275,-0.309928,1.446006,1.01789e-05,-0.0001689037,9.1279e-06
9109,Subterraneo,,,,-0.153897,-0.088886,-0.109382,0.177722,5.55798e-05,-4.59354e-05,-6.039e-07
9110,Subterraneo,,,,-0.153897,-0.087196,-0.109382,0.176882,5.64236e-05,-4.59354e-05,-6.039e-07
9111,Subterraneo,,,,-0.35323,-0.366764,-0.14617,0.509203,7.01938e-05,-6.44178e-05,1.8775e-06
9112,Subterraneo,,,,-0.35323,-0.372021,-0.14617,0.513002,7.22935e-05,-6.44178e-05,1.8775e-06
9113,Subterraneo,,,,-0.648977,-0.580032,-0.171022,0.870407,7.75313e-05,-0.0001135955,4.5489e-06
9114,Subterraneo,,,,-0.648977,-0.592769,-0.171022,0.878946,8.04469e-05,-0.0001135955,4.5489e-06
9115,Subterraneo,,,,-1.078772,-0.924347,-0.17699,1.420622,0.0001063112,-0.0001242959,9.1279e-06
9116,Subterraneo,,,,-1.078772,-0.949905,-0.17699,1.437383,0.0001102555,-0.0001242959,9.1279e-06
200000,Subterraneo,,,,-0.035379,-0.021091,-0.031121,0.041188,-5.64712e-05,-9.1735e-06,1.02744e-05
200001,Subterraneo,,,,-0.036815,-0.022285,-0.066313,0.043035,-6.8003e-05,-2.31094e-05,1.2957e-06
200002,Subterraneo,,,,-0.032985,-0.020079,-0.088894,0.038615,0.0001011081,-2.04888e-05,7.36e-08
200003,Subterraneo,,,,-0.031796,-0.021172,-0.039441,0.0382,7.61982e-05,-7.0476e-06,-1.41212e-05
200004,Subterraneo,,,,-0.161007,-0.110259,-0.078897,0.195142,-0.0001052107,-3.72581e-05,-3.9226e-06
200005,Subterraneo,,,,-0.160082,-0.111144,-0.121283,0.194883,-5.12153e-05,-4.20387e-05,6.092e-07
200006,Subterraneo,,,,-0.15091,-0.110567,-0.164454,0.18708,0.0001207662,-4.66198e-05,1.126e-06
200007,Subterraneo,,,,-0.151303,-0.11059,-0.094541,0.187411,0.0001448948,-3.71305e-05,5.6828e-06
200008,Subterraneo,,,,-0.332461,-0.299611,-0.102204,0.447546,-0.0001368274,-5.17061e-05,-2.7089e-06
200009,Subterraneo,,,,-0.333035,-0.299426,-0.157967,0.447849,-6.80525e-05,-5.85077e-05,2.1913e-06
200010,Subterraneo,,,,-0.361045,-0.299127,-0.213652,0.468861,0.0001445087,-7.02909e-05,3.3197e-06
200011,Subterraneo,,,,-0.363502,-0.300025,-0.125194,0.471326,0.0001888902,-6.30631e-05,8.4808e-06
200012,Subterraneo,,,,-0.598135,-0.417638,-0.118917,0.729511,-0.0001569817,-7.75938e-05,-6.881e-07
200013,Subterraneo,,,,-0.600731,-0.419786,-0.178665,0.73287,-5.83675e-05,-9.60382e-05,4.3295e-06
200014,Subterraneo,,,,-0.671513,-0.416789,-0.242183,0.790343,0.0001349693,-0.0001126271,3.59e-06
200015,Subterraneo,,,,-0.67313,-0.418106,-0.147851,0.792412,0.0002147034,-9.04615e-05,1.19175e-05
200016,Subterraneo,,,,-0.976369,-0.598684,-0.115055,1.145303,-0.0001641578,-0.0001166778,3.1459e-06
200017,Subterraneo,,,,-0.979074,-0.594484,-0.190977,1.145424,-0.0001233499,-0.0001131583,3.2407e-06
200018,Subterraneo,,,,-1.121204,-0.602781,-0.25856,1.272966,0.0002125914,-0.0001355034,6.5504e-06
200019,Subterraneo,,,,-1.126642,-0.59918,-0.143878,1.276064,0.0002264695,-0.0001392073,1.66115e-05
200020,Subterraneo,,,,-0.021777,-0.035604,-0.206211,0.041736,-0.0001310821,-5.88665e-05,8.3722e-06
200021,Subterraneo,,,,-0.144837,-0.130149,-0.266446,0.194722,-0.0001607451,-7.30406e-05,7.9638e-06
200022,Subterraneo,,,,-0.316612,-0.324826,-0.336923,0.453602,-0.0001908658,-0.0001003354,1.3843e-05
200023,Subterraneo,,,,-0.57981,-0.450639,-0.399856,0.73434,-0.0002012023,-0.0001298279,1.89756e-05
200024,Subterraneo,,,,-0.015424,-0.003515,-0.240178,0.015819,0.0002220344,-6.2545e-05,-2.74308e-05
200025,Subterraneo,,,,-0.133186,-0.090273,-0.331882,0.160897,0.0002717096,-8.96923e-05,-2.72776e-05
200026,Subterraneo,,,,-0.344667,-0.279795,-0.410836,0.443937,0.0002964548,-0.0001174003,-2.30315e-05
200027,Subterraneo,,,,-0.650924,-0.402811,-0.491346,0.76548,0.0003176645,-0.0001550418,-2.31746e-05
200028,Subterraneo,,,,-0.000286,-0.009713,-0.024797,0.009718,-2.54511e-05,-4.21e-08,-2.057e-07
200029,Subterraneo,,,,-0.007385,-0.016764,-0.043257,0.018318,-1.02656e-05,-3.8885e-06,-1.3e-09
200030,Subterraneo,,,,-0.024418,-0.088367,-0.06338,0.091678,-4.18814e-05,-5.4648e-06,2.99e-08
200031,Subterraneo,,,,1.2e-05,-0.005327,-0.017033,0.005327,3.581e-05,4.01e-08,7.14e-08
200032,Subterraneo,,,,-0.003033,-0.013827,-0.018599,0.014155,-2.20056e-05,-1.6294e-06,1.298e-07
200033,Subterraneo,,,,-0.035174,-0.064532,-0.01908,0.073495,-4.88592e-05,3.363e-07,-2.181e-07
200034,Subterraneo,,,,-0.033419,-0.066518,-0.015587,0.074441,2.48594e-05,2.618e-07,-2.052e-07
