nodoTag;caso;ux_m;uy_m;uz_m;ux_mm;uy_mm;uz_mm;u_planta_mm;rx_rad;ry_rad;rz_rad
1;COMBO;0,0;0,0;0,0;0,0;0,0;0,0;0,0;0,0;0,0;0,0
2;COMBO;0,0;0,0;0,0;0,0;0,0;0,0;0,0;0,0;0,0;0,0
3;COMBO;0,0;0,0;0,0;0,0;0,0;0,0;0,0;0,0;0,0;0,0
4;COMBO;0,0;0,0;0,0;0,0;0,0;0,0;0,0;0,0;0,0;0,0
5;COMBO;0,0;0,0;0,0;0,0;0,0;0,0;0,0;0,0;0,0;0,0
6;COMBO;0,0;0,0;0,0;0,0;0,0;0,0;0,0;0,0;0,0;0,0
7;COMBO;0,0012501032;0,0063081692;3,8347e-06;1,2501032;6,3081692;0,0038347;6,430844164375224;-0,0014395216;0,0004086727;4,01097e-05
8;COMBO;0,000959308;0,0063081692;-0,0009653029;0,9593079999999999;6,3081692;-0,9653029;6,380695141964757;-0,0012310795;0,0001529594;4,01097e-05
9;COMBO;0,0006023317;0,0063081692;-0,0009013451;0,6023317;6,3081692;-0,9013451;6,3368605896495405;-0,0015807268;8,29425e-05;4,01097e-05
10;COMBO;0,0004568905;0,0055962773;-0,0005759584;0,45689050000000003;5,5962773;-0,5759584;5,61489702020309;-0,0006692678;3,98887e-05;-0,0005742665
11;COMBO;0,000959308;0,0059070723;-0,0014212302;0,9593079999999999;5,9070723;-1,4212301999999999;5,984461128313166;-0,001097652;0,0005838391;4,01097e-05
12;COMBO;-1,5677e-05;0,0055446446;-0,0010660266;-0,015677;5,5446446;-1,0660266;5,544666762632192;-0,000732584;-8,10515e-05;-0,0004372891
13;COMBO;0,0;0,0;0,0;0,0;0,0;0,0;0,0;0,0;0,0;0,0
14;COMBO;0,0;0,0;0,0;0,0;0,0;0,0;0,0;0,0;0,0;0,0
15;COMBO;0,0;0,0;0,0;0,0;0,0;0,0;0,0;0,0;0,0;0,0
16;COMBO;0,0;0,0;0,0;0,0;0,0;0,0;0,0;0,0;0,0;0,0
17;COMBO;0,0;0,0;0,0;0,0;0,0;0,0;0,0;0,0;0,0;0,0
18;COMBO;0,0;0,0;0,0;0,0;0,0;0,0;0,0;0,0;0,0;0,0
19;COMBO;0,0;0,0;0,0;0,0;0,0;0,0;0,0;0,0;0,0;0,0
20;COMBO;0,0;0,0;0,0;0,0;0,0;0,0;0,0;0,0;0,0;0,0
21;COMBO;0,0;0,0;0,0;0,0;0,0;0,0;0,0;0,0;0,0;0,0
22;COMBO;0,0;0,0;0,0;0,0;0,0;0,0;0,0;0,0;0,0;0,0
23;COMBO;0,0;0,0;0,0;0,0;0,0;0,0;0,0;0,0;0,0;0,0
24;COMBO;0,0;0,0;0,0;0,0;0,0;0,0;0,0;0,0;0,0;0,0
25;COMBO;0,0040626149;0,0146723119;-9,90061e-05;4,0626149;14,6723119;-0,0990061;15,224374414621561;-0,0018199534;0,0004452513;0,0001204079
26;COMBO;0,0031896579;0,0146723119;-0,0017103341;3,1896579000000003;14,6723119;-1,7103341;15,015014286037628;-0,0017645277;0,0003712513;0,0001204079
27;COMBO;0,0021180279;0,0146723119;-0,0015670063;2,1180279;14,6723119;-1,5670063;14,824398088153867;-0,002140963;0,0003425393;0,0001204079
28;COMBO;0,0045586952;0,0134682333;0,0097717814;4,5586952;13,4682333;9,7717814;14,21882590616159;-0,0029528507;-0,0002653304;0,0001204079
29;COMBO;0,0040626149;0,0134682333;-0,0013108084;4,0626149;13,4682333;-1,3108084;14,06762766243587;-0,0023573747;0,0003455761;0,0001204079
30;COMBO;0,0031896579;0,0134682333;-0,0027877443;3,1896579000000003;13,4682333;-2,7877443;13,840781254765256;-0,0015798291;0,0001149307;0,0001204079
31;COMBO;0,0021180279;0,0134682333;-0,0021041699;2,1180279;13,4682333;-2,1041698999999996;13,633757750833308;-0,002070893;0,0003912072;0,0001204079
32;COMBO;0,0040626149;0,012866194;-0,0055596898;4,0626149;12,866193999999998;-5,5596898;13,492360352115488;-0,0015844614;-0,0005110433;0,0001204079
33;COMBO;0,0031896579;0,012866194;-0,0087121424;3,1896579000000003;12,866193999999998;-8,7121424;13,255672957819545;-0,0001362875;-0,0002551015;0,0001204079
34;COMBO;0,0021180279;0,012866194;-0,0052865163;2,1180279;12,866193999999998;-5,286516300000001;13,039363106793767;-0,0003568665;-0,0001009756;0,0001204079
35;COMBO;0,0045586952;0,0125663785;0,0071114406;4,5586952;12,566378499999999;7,1114406;13,36770625544133;-0,0032502405;0,0003097646;0,0001204079
36;COMBO;0,0040626149;0,0125663785;-0,0047372845;4,0626149;12,566378499999999;-4,7372845;13,206767523923643;-0,0020557257;0,0011926417;0,0001204079
37;COMBO;0,0031896579;0,0125663785;-0,0062681845;3,1896579000000003;12,566378499999999;-6,2681845;12,964867377813576;-0,0002630636;0,0019289995;0,0001204079
38;COMBO;0,0040626149;0,0122641547;-0,0008771456;4,0626149;12,2641547;-0,8771456;12,919532899111877;-0,0029607872;0,0011428485;0,0001204079
39;COMBO;0,0031896579;0,0122641547;-0,001645049;3,1896579000000003;12,2641547;-1,645049;12,672150883909348;-0,002051603;0,0008710579;0,0001204079
40;COMBO;0,0021180279;0,0122641547;-0,0011267263;2,1180279;12,2641547;-1,1267263;12,44570338272251;-0,0027052905;0,000554136;0,0001204079
41;COMBO;0,0040626149;0,0116621154;-0,0020168449;4,0626149;11,662115400000001;-2,0168449;12,349484824421591;-0,0018633959;-0,0004237634;0,0001204079
42;COMBO;0,0031896579;0,0116621154;-0,0063490245;3,1896579000000003;11,662115400000001;-6,3490245;12,090444703233608;-0,0005249898;-0,0003553876;0,0001204079
43;COMBO;0,0021180279;0,0116621154;-0,004610585;2,1180279;11,662115400000001;-4,610585;11,852889005980593;-0,0005243489;-0,0002721936;0,0001204079
44;COMBO;0,0040626149;0,0110600761;-0,0007338694;4,0626149;11,0600761;-0,7338694;11,78261953741583;-0,0028808267;0,000662692;0,0001204079
45;COMBO;0,0031896579;0,0110600761;-0,0015438865;3,1896579000000003;11,0600761;-1,5438865;11,510829720607617;-0,0020688218;0,000610973;0,0001204079
46;COMBO;0,0021180279;0,0110600761;-0,0011213007;2,1180279;11,0600761;-1,1213007;11,261053481933633;-0,0025732657;0,0005135901;0,0001204079
47;COMBO;0,0040626149;0,0104580369;-0,0024093616;4,0626149;10,4580369;-2,4093616;11,219419576228693;-0,0017207706;-0,0002699393;0,0001204079
48;COMBO;0,0031896579;0,0104580369;-0,0065906676;3,1896579000000003;10,4580369;-6,5906676;10,933638613050736;-0,0005193174;-0,0002865783;0,0001204079
49;COMBO;0,0021180279;0,0104580369;-0,0047694132;2,1180279;10,4580369;-4,7694132;10,670359787136515;-0,0004905692;-0,0002742481;0,0001204079
50;COMBO;0,0040626149;0,0098559976;-0,0002737541;4,0626149;9,855997599999998;-0,2737541;10,660465680114907;-0,0023724959;0,0006871671;0,0001204079
51;COMBO;0,0031896579;0,0098559976;-0,0011242934;3,1896579000000003;9,855997599999998;-1,1242934;10,359276336223402;-0,0019002603;0,0007966651;0,0001204079
52;COMBO;0,0021180279;0,0098559976;-0,0009760263;2,1180279;9,855997599999998;-0,9760262999999999;10,081008425568553;-0,0025887717;0,0006669649;0,0001204079
53;COMBO;0,0040626149;0,0092539583;-2,02051e-05;4,0626149;9,2539583;-0,0202051;10,106462489112642;-0,0026625422;0,0007346043;0,0001204079
54;COMBO;0,0031896579;0,0092539583;-0,0007035968;3,1896579000000003;9,2539583;-0,7035967999999999;9,78824099300642;-0,0020267546;0,000631348;0,0001204079
55;COMBO;0,0021180279;0,0092539583;-0,0005645367;2,1180279;9,2539583;-0,5645367;9,493249517594979;-0,0028140736;0,0005267056;0,0001204079
56;COMBO;0,0061363221;0,0250103072;-0,0002899628;6,1363221;25,010307200000003;-0,2899628;25,75208564666793;-0,0022584547;0,000312487;9,01665e-05
57;COMBO;0,0054826149;0,0250103072;-0,0022580911;5,4826149;25,010307200000003;-2,2580910999999997;25,604189742697855;-0,0016703488;0,0003191346;9,01665e-05
58;COMBO;0,0046801329;0,0250103072;-0,0020463884;4,6801329;25,010307200000003;-2,0463883999999997;25,44443181130273;-0,0020925775;0,0004368641;9,01665e-05
59;COMBO;0,0065078082;0,024108642;0,0095780459;6,5078082;24,108642;9,5780459;24,971547542195925;-0,0030139523;-0,0002989704;9,01665e-05
60;COMBO;0,0061363221;0,024108642;-0,0019105496;6,1363221;24,108642;-1,9105496000000002;24,877320354071745;-0,0023815418;0,0002475808;9,01665e-05
61;COMBO;0,0054826149;0,024108642;-0,0038105436;5,4826149;24,108642;-3,8105436000000004;24,724192306845254;-0,0016862333;0,0002212375;9,01665e-05
62;COMBO;0,0046801329;0,024108642;-0,0028626647;4,6801329;24,108642;-2,8626647;24,558710533043595;-0,001949665;0,0003456286;9,01665e-05
63;COMBO;0,0061363221;0,0236578095;-0,0040949525;6,1363221;23,657809500000003;-4,094952500000001;24,44067100660779;-0,0015874309;-0,0001019496;9,01665e-05
64;COMBO;0,0054826149;0,0236578095;-0,0089081955;5,4826149;23,657809500000003;-8,9081955;24,28478981749672;-0,0003652238;-0,0001584318;9,01665e-05
65;COMBO;0,0046801329;0,0236578095;-0,0060016951;4,6801329;23,657809500000003;-6,0016951;24,1162931293338;-9,20048e-05;-7,8652e-05;9,01665e-05
66;COMBO;0,0065078082;0,0234332948;0,0072812324;6,5078082;23,433294800000002;7,2812323999999995;24,32017419246199;-0,0029984946;0,0002447313;9,01665e-05
67;COMBO;0,0061363221;0,0234332948;-0,0031422027;6,1363221;23,433294800000002;-3,1422027;24,22341334532884;-0,0017493732;0,0007339096;9,01665e-05
68;COMBO;0,0054826149;0,0234332948;-0,006621234;5,4826149;23,433294800000002;-6,621234;24,066124975271965;-0,0004131988;0,0016892964;9,01665e-05
69;COMBO;0,0063581317;0,0232069769;0,0026031649;6,3581317;23,206976899999997;2,6031649000000003;24,062203048592174;-0,0015610841;-0,0001135802;9,01665e-05
70;COMBO;0,0061363221;0,0232069769;-0,0015815974;6,1363221;23,206976899999997;-1,5815974000000002;24,004545939302453;-0,0019734415;0,0001943858;9,01665e-05
71;COMBO;0,0054826149;0,0232069769;-0,0028250879;5,4826149;23,206976899999997;-2,8250878999999998;23,845813950855938;-0,0015815521;0,0005177386;9,01665e-05
72;COMBO;0,0046801329;0,0232069769;-0,0019356059;4,6801329;23,206976899999997;-1,9356059;23,674193139340485;-0,0017827794;0,0005019084;9,01665e-05
73;COMBO;0,0063581317;0,0227561443;-0,002593369;6,3581317;22,7561443;-2,593369;23,627694388512975;-0,0009417757;-0,0001353232;9,01665e-05
74;COMBO;0,0061363221;0,0227561443;-0,0050118027;6,1363221;22,7561443;-5,0118027;23,568974358621777;-0,0011091392;-0,0001495884;9,01665e-05
75;COMBO;0,0054826149;0,0227561443;-0,0076108937;5,4826149;22,7561443;-7,6108937;23,407288812336308;-0,0004439951;-0,0002041813;9,01665e-05
76;COMBO;0,0046801329;0,0227561443;-0,0052666362;4,6801329;22,7561443;-5,2666362;23,232428787453216;-0,0001045733;-0,0002357991;9,01665e-05
77;COMBO;0,0063581317;0,0223053118;0,0030469439;6,3581317;22,305311800000002;3,0469439;23,193808941391325;-0,0016708971;0,0007517144;9,01665e-05
78;COMBO;0,0061363221;0,0223053118;-0,0014040417;6,1363221;22,305311800000002;-1,4040417;23,133987624492406;-0,0020759779;0,0005060002;9,01665e-05
79;COMBO;0,0054826149;0,0223053118;-0,0026845176;5,4826149;22,305311800000002;-2,6845176000000004;22,96924031475402;-0,001704912;0,0003936703;9,01665e-05
80;COMBO;0,0046801329;0,0223053118;-0,0019281633;4,6801329;22,305311800000002;-1,9281633;22,791019688835377;-0,0018823086;0,0004549904;9,01665e-05
81;COMBO;0,0061363221;0,0218544792;-0,0029603649;6,1363221;21,8544792;-2,9603649;22,699619160201365;-0,0016173286;-0,0001271825;9,01665e-05
82;COMBO;0,0054826149;0,0218544792;-0,0077224049;5,4826149;21,8544792;-7,7224049;22,531696057885537;-0,0005559658;-0,000179213;9,01665e-05
83;COMBO;0,0046801329;0,0218544792;-0,0055083559;4,6801329;21,8544792;-5,508355900000001;22,34998669048586;-0,0001681938;-0,0002364086;9,01665e-05
84;COMBO;0,0061363221;0,0214036466;-0,000608748;6,1363221;21,4036466;-0,608748;22,265905252035903;-0,0024259787;0,0004612466;9,01665e-05
85;COMBO;0,0054826149;0,0214036466;-0,002059909;5,4826149;21,4036466;-2,0599089999999998;22,09468610139989;-0,0018527264;0,0006998972;9,01665e-05
86;COMBO;0,0046801329;0,0214036466;-0,001673723;4,6801329;21,4036466;-1,673723;21,90935260885985;-0,0021210416;0,0006600168;9,01665e-05
87;COMBO;0,0061363221;0,0209528141;-0,000156442;6,1363221;20,9528141;-0,156442;21,832885004600453;-0,0024280774;0,0003730782;9,01665e-05
88;COMBO;0,0054826149;0,0209528141;-0,0013805107;5,4826149;20,9528141;-1,3805106999999999;21,658242884658506;-0,0019094175;0,0004545841;9,01665e-05
89;COMBO;0,0046801329;0,0209528141;-0,0010646558;4,6801329;20,9528141;-1,0646558;21,469142103745583;-0,0023521769;0,0005226447;9,01665e-05
90;COMBO;0,0079589302;0,0327672377;-0,0004440345;7,9589302;32,7672377;-0,4440345;33,719970883984665;-0,0013313187;0,0003293763;6,16023e-05
91;COMBO;0,0075123136;0,0327672377;-0,0026173216;7,5123136;32,7672377;-2,6173216;33,61735745285531;-0,0010873773;0,0003075182;6,16023e-05
92;COMBO;0,0069640533;0,0327672377;-0,0023401165;6,9640533;32,7672377;-2,3401164999999997;33,49910304550768;-0,0012828645;0,0003050682;6,16023e-05
93;COMBO;0,0081104718;0,0321512149;5,50826e-05;8,1104718;32,1512149;0,0550826;33,15841329684786;-0,000835692;-0,0004590838;6,16023e-05
94;COMBO;0,0079589302;0,0321512149;-0,0022585826;7,9589302;32,1512149;-2,2585826;33,12167250418454;-0,0011870612;3,5612e-05;6,16023e-05
95;COMBO;0,0075123136;0,0321512149;-0,0044973277;7,5123136;32,1512149;-4,4973277000000005;33,01719968699234;-0,0010632933;2,07851e-05;6,16023e-05
96;COMBO;0,0069640533;0,0321512149;-0,0033438614;6,9640533;32,1512149;-3,3438614;32,8967879573557;-0,0011697819;0,0002694908;6,16023e-05
97;COMBO;0,0081104718;0,0320156898;-0,0013302566;8,1104718;32,0156898;-1,3302566;33,027021454990745;-0,000888374;-0,0007449338;6,16023e-05
98;COMBO;0,0079589302;0,0320156898;-0,0035835421;7,9589302;32,0156898;-3,5835421;32,99013433283193;-0,0009467989;-0,000882359;6,16023e-05
99;COMBO;0,0075123136;0,0320156898;-0,0067815579;7,5123136;32,0156898;-6,7815579;32,88524363593143;-0,0004286911;-0,0014854853;6,16023e-05
100;COMBO;0,0079589302;0,0318432034;-0,0050637987;7,9589302;31,8432034;-5,0637987;32,82276911996067;-0,0010668972;3,39217e-05;6,16023e-05
101;COMBO;0,0075123136;0,0318432034;-0,0093511961;7,5123136;31,8432034;-9,351196100000001;32,71734186022019;-0,0003824941;0,0001165742;6,16023e-05
102;COMBO;0,0069640533;0,0318432034;-0,0063234961;6,9640533;31,8432034;-6,3234961;32,59582244918837;0,0002695272;-1,95529e-05;6,16023e-05
103;COMBO;0,0082127316;0,031535192;0,0017371744;8,2127316;31,535191999999995;1,7371744;32,587072510590794;-0,000847999;-0,0001575394;6,16023e-05
104;COMBO;0,0079589302;0,031535192;-0,0021053819;7,9589302;31,535191999999995;-2,1053819;32,524035795167485;-0,0012969549;0,0002960494;6,16023e-05
105;COMBO;0,0075123136;0,031535192;-0,0035746399;7,5123136;31,535191999999995;-3,5746399;32,41763702217681;-0,0010866975;0,0003530385;6,16023e-05
106;COMBO;0,0069640533;0,031535192;-0,0024488565;6,9640533;31,535191999999995;-2,4488564999999998;32,294989903111976;-0,0011212102;0,0003854911;6,16023e-05
107;COMBO;0,0079589302;0,0312271806;-0,0050435132;7,9589302;31,2271806;-5,0435132000000005;32,225477159438434;-0,0011065778;-0,0001459419;6,16023e-05
108;COMBO;0,0075123136;0,0312271806;-0,008481244;7,5123136;31,2271806;-8,481244;32,11808935552926;-0,0003850465;-0,0001591654;6,16023e-05
109;COMBO;0,0069640533;0,0312271806;-0,0056970006;6,9640533;31,2271806;-5,6970006;31,99429396924172;0,000253534;-0,0001862884;6,16023e-05
110;COMBO;0,0082127316;0,0309191691;0,0019887054;8,2127316;30,9191691;1,9887054;31,99131097920236;-0,0008515981;0,000533053;6,16023e-05
111;COMBO;0,0079589302;0,0309191691;-0,0019114398;7,9589302;30,9191691;-1,9114398000000001;31,927098016620096;-0,0013288173;0,0003993411;6,16023e-05
112;COMBO;0,0075123136;0,0309191691;-0,0034356089;7,5123136;30,9191691;-3,4356089;31,81870320203418;-0,0011078321;0,0003638602;6,16023e-05
113;COMBO;0,0069640533;0,0309191691;-0,0024382337;6,9640533;30,9191691;-2,4382337;31,693738438367216;-0,0011504232;0,00037396;6,16023e-05
114;COMBO;0,0079589302;0,0306111577;-0,0037054606;7,9589302;30,6111577;-3,7054606;31,62890364307213;-0,0012549901;-6,30701e-05;6,16023e-05
115;COMBO;0,0075123136;0,0306111577;-0,0082675873;7,5123136;30,6111577;-8,2675873;31,51948336123253;-0,0004680035;-0,000128445;6,16023e-05
116;COMBO;0,0069640533;0,0306111577;-0,0057798474;6,9640533;30,6111577;-5,7798474;31,393327541047796;0,0002162665;-0,0001771504;6,16023e-05
117;COMBO;0,0079589302;0,0303031463;-0,0008654923;7,9589302;30,3031463;-0,8654923;31,330899214795537;-0,001480403;0,0004570631;6,16023e-05
118;COMBO;0,0075123136;0,0303031463;-0,0026624521;7,5123136;30,3031463;-2,6624521;31,220434514976706;-0,0011639588;0,0006230303;6,16023e-05
119;COMBO;0,0069640533;0,0303031463;-0,0021023848;6,9640533;30,3031463;-2,1023848;31,093065369056884;-0,0012579177;0,0005503796;6,16023e-05
120;COMBO;0,0079589302;0,0299951348;-0,0003402869;7,9589302;29,9951348;-0,3402869;31,033090107152447;-0,0014419328;0,0003290085;6,16023e-05
121;COMBO;0,0075123136;0,0299951348;-0,0019545377;7,5123136;29,9951348;-1,9545377;30,921561527434477;-0,0011456543;0,0002871749;6,16023e-05
122;COMBO;0,0069640533;0,0299951348;-0,0014695459;6,9640533;29,9951348;-1,4695459;30,79295617564855;-0,0012577026;0,0003263215;6,16023e-05
123;COMBO;0,0079589302;0,029838049;0,000399448;7,9589302;29,838048999999998;0,399448;30,881284592044953;-0,0011209388;0,0003252934;6,16023e-05
124;COMBO;0,0075123136;0,029838049;-0,0016179136;7,5123136;29,838048999999998;-1,6179136;30,76920577056135;-0,0006204014;0,0001884769;6,16023e-05
125;COMBO;0,0069640533;0,029838049;-0,0009126223;6,9640533;29,838048999999998;-0,9126223;30,639960941418348;-0,0004976313;0,0002517721;6,16023e-05
126;COMBO;0,0079589302;0,0296871234;0,0013589988;7,9589302;29,6871234;1,3589988;30,735482193961097;-0,0008237187;0,0004290407;6,16023e-05
127;COMBO;0,0075123136;0,0296871234;-0,0007962779;7,5123136;29,6871234;-0,7962779;30,622869744548314;-0,0003122195;0,0004222418;6,16023e-05
128;COMBO;0,0069640533;0,0296871234;-4,84514e-05;6,9640533;29,6871234;-0,0484514;30,493004675368883;-0,0002930069;0,0004133516;6,16023e-05
129;COMBO;0,0094513983;0,0368021929;-0,0005297026;9,451398300000001;36,8021929;-0,5297026;37,99645157214096;-0,0008110522;-4,98777e-05;6,2003e-05
130;COMBO;0,0090018767;0,0368021929;-0,0028035102;9,0018767;36,8021929;-2,8035102;37,887137479239755;-0,000560577;-0,0002364601;6,2003e-05
131;COMBO;0,0084500502;0,0368021929;-0,002469506;8,4500502;36,8021929;-2,469506;37,75982985437475;-0,0003814748;-7,7961e-06;6,2003e-05
132;COMBO;0,0094513983;0,0361821631;-0,00241631;9,451398300000001;36,1821631;-2,41631;37,396227836778465;-0,0009496006;5,6534e-05;6,2003e-05
133;COMBO;0,0090018767;0,0361821631;-0,0048435314;9,0018767;36,1821631;-4,8435314;37,28515402565751;-0,0005703144;-6,36835e-05;6,2003e-05
134;COMBO;0,0084500502;0,0361821631;-0,0035685775;8,4500502;36,1821631;-3,5685775;37,1557838697762;-0,0001134975;-4,45148e-05;6,2003e-05
135;COMBO;0,0094513983;0,0358721482;-0,0048506391;9,451398300000001;35,872148200000005;-4,8506390999999995;37,09636028383386;-0,001098595;-2,19429e-05;6,2003e-05
136;COMBO;0,0090018767;0,0358721482;-0,0096817353;9,0018767;35,872148200000005;-9,6817353;36,984385902766675;-0,0004020638;8,30334e-05;6,2003e-05
137;COMBO;0,0084500502;0,0358721482;-0,0065843724;8,4500502;35,872148200000005;-6,5843724;36,853959961790856;0,0007950213;8,10479e-05;6,2003e-05
138;COMBO;0,0097068506;0,0355621333;0,0015672786;9,706850600000001;35,5621333;1,5672786;36,863101787799806;-0,0010549242;-0,0003118326;6,2003e-05
139;COMBO;0,0094513983;0,0355621333;-0,0024253063;9,451398300000001;35,5621333;-2,4253063;36,796660917428525;-0,0008969259;6,34866e-05;6,2003e-05
140;COMBO;0,0090018767;0,0355621333;-0,0039501268;9,0018767;35,5621333;-3,9501268;36,68377173858996;-0,0004939141;0,0002293658;6,2003e-05
141;COMBO;0,0084500502;0,0355621333;-0,0026873487;8,4500502;35,5621333;-2,6873487;36,552273160906;-3,75519e-05;0,0002496406;6,2003e-05
142;COMBO;0,0094513983;0,0352521184;-0,0057121819;9,451398300000001;35,2521184;-5,7121819;36,49713388079756;-0,0009243873;-7,35727e-05;6,2003e-05
143;COMBO;0,0090018767;0,0352521184;-0,0088738614;9,0018767;35,2521184;-8,873861400000001;36,383315349341395;-0,0002820356;-8,25213e-05;6,2003e-05
144;COMBO;0,0084500502;0,0352521184;-0,0056076959;8,4500502;35,2521184;-5,6076959;36,2507268902313;0,0007968968;-9,61458e-05;6,2003e-05
145;COMBO;0,0097068506;0,0349421036;0,0018291139;9,706850600000001;34,9421036;1,8291138999999998;36,26532162498843;-0,0010703945;0,0005700044;6,2003e-05
146;COMBO;0,0094513983;0,0349421036;-0,0022194423;9,451398300000001;34,9421036;-2,2194423;36,197783548421526;-0,0008960783;0,0003511136;6,2003e-05
147;COMBO;0,0090018767;0,0349421036;-0,0038104575;9,0018767;34,9421036;-3,8104575;36,08302077314392;-0,0004971017;0,0001837502;6,2003e-05
148;COMBO;0,0084500502;0,0349421036;-0,0026747198;8,4500502;34,9421036;-2,6747198;35,94932478330647;-3,74909e-05;0,0001465003;6,2003e-05
149;COMBO;0,0094513983;0,0346320887;-0,0042151223;9,451398300000001;34,632088700000004;-4,2151223;35,89861414525512;-0,0010657036;-3,37777e-05;6,2003e-05
150;COMBO;0,0090018767;0,0346320887;-0,0089896497;9,0018767;34,632088700000004;-8,9896497;35,78289188769782;-0,0004052007;-9,77313e-05;6,2003e-05
151;COMBO;0,0084500502;0,0346320887;-0,0060736649;8,4500502;34,632088700000004;-6,0736649;35,64807029990807;0,0007695568;-0,0001160778;6,2003e-05
152;COMBO;0,0094513983;0,0343220738;-0,001004674;9,451398300000001;34,3220738;-1,004674;35,59963033175891;-0,0008326256;0,0004899231;6,2003e-05
153;COMBO;0,0090018767;0,0343220738;-0,0029586057;9,0018767;34,3220738;-2,9586056999999997;35,482932996789444;-0,0005373799;0,0007358615;6,2003e-05
154;COMBO;0,0084500502;0,0343220738;-0,0022979643;8,4500502;34,3220738;-2,2979643000000003;35,34696731425719;-0,0001568459;0,0005492237;6,2003e-05
155;COMBO;0,0094513983;0,0340120589;-0,0003734746;9,451398300000001;34,0120589;-0,3734746;35,30083682354162;-0,0007929146;0,0002705489;6,2003e-05
156;COMBO;0,0090018767;0,0340120589;-0,0020816148;9,0018767;34,0120589;-2,0816148;35,18314844835624;-0,0005247366;0,0002348456;6,2003e-05
157;COMBO;0,0084500502;0,0340120589;-0,0015499897;8,4500502;34,0120589;-1,5499896999999998;35,046019731198996;-0,0003081737;0,0002525756;6,2003e-05
158;COMBO;0,0094513983;0,0338539513;0,0004504988;9,451398300000001;33,8539513;0,45049880000000003;35,14852697408548;-0,0008724572;0,0003546483;6,2003e-05
159;COMBO;0,0090018767;0,0338539513;-0,0015117818;9,0018767;33,8539513;-1,5117818;35,03032690034129;-0,0005630509;0,0002395751;6,2003e-05
160;COMBO;0,0084500502;0,0338539513;-0,0008451962;8,4500502;33,8539513;-0,8451962;34,89259759612763;-0,0002401422;0,0002966698;6,2003e-05
161;COMBO;0,0094513983;0,033702044;0,0012924522;9,451398300000001;33,702044;1,2924522;35,00223849417604;-0,0006943831;0,0003377679;6,2003e-05
162;COMBO;0,0090018767;0,033702044;-0,0009607195;9,0018767;33,702044;-0,9607195000000001;34,883542737226946;-0,0002840847;0,0002448508;6,2003e-05
163;COMBO;0,0084500502;0,033702044;-0,0001644912;8,4500502;33,702044;-0,1644912;34,74523158881598;-3,14428e-05;0,0002779385;6,2003e-05
164;COMBO;0,0;0,0;0,0;0,0;0,0;0,0;0,0;0,0;0,0;0,0
165;COMBO;0,0;0,0;0,0;0,0;0,0;0,0;0,0;0,0;0,0;0,0
166;COMBO;0,0;0,0;0,0;0,0;0,0;0,0;0,0;0,0;0,0;0,0
167;COMBO;0,0009088122;0,0047316612;-0,0002297422;0,9088122;4,7316612;-0,2297422;4,81814874474152;-0,0019127361;0,0018676684;0,0005018137
168;COMBO;0,0009088122;0,0047316612;-0,0002297422;0,9088122;4,7316612;-0,2297422;4,81814874474152;-2,83737e-05;0,0037429427;0,0005018137
169;COMBO;0,0006023317;0,0063402569;-0,0004904149;0,6023317;6,3402569;-0,4904149;6,368803736560147;-0,0022212192;0,0006632704;4,01097e-05
170;COMBO;0,0029609585;0,0142044116;-0,0004112906;2,9609585;14,2044116;-0,4112906;14,50974100874777;-0,0020185664;0,0018768442;0,0002762189
171;COMBO;0,0029609585;0,0142044116;-0,0004112906;2,9609585;14,2044116;-0,4112906;14,50974100874777;-6,37967e-05;0,0038515158;0,0002762189
172;COMBO;0,0021180279;0,0147686382;-0,0008800256;2,1180279;14,7686382;-0,8800256;14,919742506748488;-0,0024756677;0,0008345115;0,0001204079
173;COMBO;0,0053241464;0,0240765839;-0,0005448631;5,3241464;24,0765839;-0,5448630999999999;24,658232442378594;-0,0020205541;0,0020278268;0,0003751155
174;COMBO;0,0053241464;0,0240765839;-0,0005448631;5,3241464;24,0765839;-0,5448630999999999;24,658232442378594;-5,45079e-05;0,0040318746;0,0003751155
175;COMBO;0,0046801329;0,0250824404;-0,0011710431;4,6801329;25,0824404;-1,1710431;25,51533774773939;-0,0025097981;0,0010013584;9,01665e-05
176;COMBO;0,0076092873;0,0321263194;-0,0006299397;7,6092873;32,1263194;-0,6299397;33,0151730482328;-0,00184488;0,0021370363;0,0002571445
177;COMBO;0,0076092873;0,0321263194;-0,0006299397;7,6092873;32,1263194;-0,6299397;33,0151730482328;-6,35047e-05;0,0041487008;0,0002571445
178;COMBO;0,0069640533;0,0328165196;-0,0013651311;6,9640533;32,81651960000001;-1,3651311;33,547309832867754;-0,0014897739;0,0006975259;6,16023e-05
179;COMBO;0,0093792904;0,0376008847;-0,0007194991;9,3792904;37,600884699999995;-0,7194991;38,75303367002673;-0,0018585379;0,0023518576;-0,0001576576
180;COMBO;0,0093792904;0,0376008847;-0,0007194991;9,3792904;37,600884699999995;-0,7194991;38,75303367002673;-0,000409202;0,0048039066;-0,0001576576
181;COMBO;0,0084500502;0,0368517952;-0,001459498;8,4500502;36,851795200000005;-1,459498;37,80817580689742;-0,0005064147;0,0011251297;6,2003e-05
182;COMBO;0,0;0,0;0,0;0,0;0,0;0,0;0,0;0,0;0,0;0,0
183;COMBO;0,0;0,0;0,0;0,0;0,0;0,0;0,0;0,0;0,0;0,0
184;COMBO;0,0;0,0;0,0;0,0;0,0;0,0;0,0;0,0;0,0;0,0
185;COMBO;0,0012501032;0,0067413538;-0,0008145559;1,2501032;6,7413538;-0,8145559;6,856282452424541;-0,0020646905;0,0002654363;4,01097e-05
186;COMBO;0,000959308;0,0067413538;-0,0021099318;0,9593079999999999;6,7413538;-2,1099318;6,809267427237561;-0,0014510459;9,12307e-05;4,01097e-05
187;COMBO;0,0006023317;0,0067413538;-0,0014479328;0,6023317;6,7413538;-1,4479328;6,768209108294403;-0,001650107;0,0001540565;4,01097e-05
188;COMBO;0,0040626149;0,0159727168;-0,0014885985;4,0626149;15,972716800000002;-1,4885985;16,481277917646565;-0,0022349366;0,0003706491;0,0001204079
189;COMBO;0,0031896579;0,0159727168;-0,0037797209;3,1896579000000003;15,972716800000002;-3,7797209;16,288081516619282;-0,0016510939;0,0002827299;0,0001204079
190;COMBO;0,0021180279;0,0159727168;-0,0025963469;2,1180279;15,972716800000002;-2,5963469;16,112533139087123;-0,0018447992;0,0003887072;0,0001204079
191;COMBO;0,0061363221;0,0259841055;-0,0020258332;6,1363221;25,984105500000002;-2,0258332;26,698842438391946;-0,0021197798;0,0002221571;9,01665e-05
192;COMBO;0,0054826149;0,0259841055;-0,0050218373;5,4826149;25,984105500000002;-5,0218373;26,556219700417305;-0,0015241464;0,0002302609;9,01665e-05
193;COMBO;0,0046801329;0,0259841055;-0,003437188;4,6801329;25,984105500000002;-3,437188;26,402223061643742;-0,0016543693;0,0004509844;9,01665e-05
194;COMBO;0,0079589302;0,0334325424;-0,0024123024;7,9589302;33,4325424;-2,4123024;34,366836648959556;-0,0014166696;0,0002287078;6,16023e-05
195;COMBO;0,0075123136;0,0334325424;-0,0058452164;7,5123136;33,4325424;-5,8452164;34,26616037656602;-0,0010187468;0,0002145871;6,16023e-05
196;COMBO;0,0069640533;0,0334325424;-0,0039745444;6,9640533;33,4325424;-3,9745444;34,15015270380264;-0,0009916179;0,0003990062;6,16023e-05
197;COMBO;0,0094513983;0,037471825;-0,0026127566;9,451398300000001;37,471825;-2,6127566;38,645395568629745;-0,0010874682;-0,0001161086;6,2003e-05
198;COMBO;0,0090018767;0,037471825;-0,0062638931;9,0018767;37,471825;-6,2638931;38,53792227083121;-0,0005931386;-0,0003046827;6,2003e-05
199;COMBO;0,0084500502;0,037471825;-0,0042308062;8,4500502;37,471825;-4,2308062;38,41277153777302;5,18247e-05;-1,4128e-06;6,2003e-05
200;COMBO;0,0;0,0;0,0;0,0;0,0;0,0;0,0;0,0;0,0;0,0
201;COMBO;0,0;0,0;0,0;0,0;0,0;0,0;0,0;0,0;0,0;0,0
202;COMBO;0,0;0,0;0,0;0,0;0,0;0,0;0,0;0,0;0,0;0,0
203;COMBO;0,0012501032;0,0071424507;-0,0005662222;1,2501032;7,1424506999999995;-0,5662222;7,251024756031435;-0,0021081446;0,0003071215;4,01097e-05
204;COMBO;0,000959308;0,0071424507;-0,0017115877;0,9593079999999999;7,1424506999999995;-1,7115877;7,206585449489548;-0,0016048688;0,0001755597;4,01097e-05
205;COMBO;0,0006023317;0,0071424507;-0,0013281517;0,6023317;7,1424506999999995;-1,3281517;7,167803392864188;-0,001752166;0,0001563432;4,01097e-05
206;COMBO;0,0040626149;0,0171767953;-0,0010555357;4,0626149;17,1767953;-1,0555357;17,650697906989514;-0,0021969301;0,0003973349;0,0001204079
207;COMBO;0,0031896579;0,0171767953;-0,003063458;3,1896579000000003;17,1767953;-3,063458;17,47043829722467;-0,0017260666;0,0002908203;0,0001204079
208;COMBO;0,0021180279;0,0171767953;-0,0023750837;2,1180279;17,1767953;-2,3750837;17,306887038496566;-0,0018500066;0,0003036648;0,0001204079
209;COMBO;0,0061363221;0,0268857706;-0,0014626772;6,1363221;26,8857706;-1,4626772;27,577148323762064;-0,0019485056;0,000277121;9,01665e-05
210;COMBO;0,0054826149;0,0268857706;-0,0040653665;5,4826149;26,8857706;-4,0653665;27,439091218506608;-0,0014968867;0,0002577035;9,01665e-05
211;COMBO;0,0046801329;0,0268857706;-0,0031414137;4,6801329;26,8857706;-3,1414136999999998;27,29007703758798;-0,0015256956;0,0003831672;9,01665e-05
212;COMBO;0,0079589302;0,0340485653;-0,0017688765;7,9589302;34,0485653;-1,7688765;34,96640343124864;-0,0013296703;0,0002191257;6,16023e-05
213;COMBO;0,0075123136;0,0340485653;-0,004724989;7,5123136;34,0485653;-4,724989;34,867458390497994;-0,0010251905;0,0001747047;6,16023e-05
214;COMBO;0,0069640533;0,0340485653;-0,0036373048;6,9640533;34,0485653;-3,6373048;34,75345791937264;-0,0009342868;0,0002268384;6,16023e-05
215;COMBO;0,0094513983;0,0380918548;-0,0019384086;9,451398300000001;38,0918548;-1,9384086;39,24688945546546;-0,0009401002;0,0002406736;6,2003e-05
216;COMBO;0,0090018767;0,0380918548;-0,0050543563;9,0018767;38,0918548;-5,0543563;39,141067770645776;-0,0005922173;2,48985e-05;6,2003e-05
217;COMBO;0,0084500502;0,0380918548;-0,0038806214;8,4500502;38,0918548;-3,8806214;39,01785168979455;-7,38214e-05;0,0002575912;6,2003e-05
218;COMBO;0,0;0,0;0,0;0,0;0,0;0,0;0,0;0,0;0,0;0,0
219;COMBO;0,000959308;0,0074432734;-0,0013428011;0,9593079999999999;7,443273400000001;-1,3428011;7,504837822765497;-0,0018489373;5,14604e-05;4,01097e-05
220;COMBO;0,0031896579;0,0180798543;-0,0024038168;3,1896579000000003;18,0798543;-2,4038168;18,359059045284997;-0,0018529485;0,0002007298;0,0001204079
221;COMBO;0,0054826149;0,0275620195;-0,0031856407;5,4826149;27,562019499999998;-3,1856407;28,10202813072541;-0,0015061486;0,0001346832;9,01665e-05
222;COMBO;0,0075123136;0,0345105825;-0,0036990655;7,5123136;34,5105825;-3,6990654999999997;35,31876498568503;-0,0010255482;0,0001047764;6,16023e-05
223;COMBO;0,0090018767;0,0385568771;-0,0039545125;9,0018767;38,556877099999994;-3,9545125;39,59376915407912;-0,0004917215;-0,0003944303;6,2003e-05
230;COMBO;0,0;0,0;0,0;0,0;0,0;0,0;0,0;0,0;0,0;0,0
231;COMBO;0,0006023317;0,0075936847;-6,8828e-05;0,6023317;7,5936847;-0,068828;7,61753574325969;-0,0006772564;0,0002701358;4,01097e-05
232;COMBO;0,0021180279;0,0185313838;5,50741e-05;2,1180279;18,5313838;0,0550741;18,65203012350347;-0,0008326595;0,0004939243;0,0001204079
233;COMBO;0,0046801329;0,0279001439;0,0001266125;4,6801329;27,9001439;0,1266125;28,289957115597925;-0,0007465664;0,0006764519;9,01665e-05
234;COMBO;0,0069640533;0,034741591;0,0001813851;6,9640533;34,741591;0,1813851;35,432699354925276;-0,000591041;0,000532784;6,16023e-05
235;COMBO;0,0084500502;0,0387893883;0,0002350409;8,4500502;38,7893883;0,2350409;39,69911829084743;-0,0004375299;0,0002671886;6,2003e-05
236;COMBO;0,0;0,0;0,0;0,0;0,0;0,0;0,0;0,0;0,0;0,0
237;COMBO;0,0;0,0;0,0;0,0;0,0;0,0;0,0;0,0;0,0;0,0
238;COMBO;0,0;0,0;0,0;0,0;0,0;0,0;0,0;0,0;0,0;0,0
239;COMBO;0,0;0,0;0,0;0,0;0,0;0,0;0,0;0,0;0,0;0,0
240;COMBO;0,0;0,0;0,0;0,0;0,0;0,0;0,0;0,0;0,0;0,0
241;COMBO;0,0;0,0;0,0;0,0;0,0;0,0;0,0;0,0;0,0;0,0
272;COMBO;0,0;0,0;0,0;0,0;0,0;0,0;0,0;0,0;0,0;0,0
273;COMBO;0,0;0,0;0,0;0,0;0,0;0,0;0,0;0,0;0,0;0,0
274;COMBO;0,0;0,0;0,0;0,0;0,0;0,0;0,0;0,0;0,0;0,0
275;COMBO;0,0;0,0;0,0;0,0;0,0;0,0;0,0;0,0;0,0;0,0
276;COMBO;0,0;0,0;0,0;0,0;0,0;0,0;0,0;0,0;0,0;0,0
277;COMBO;0,0;0,0;0,0;0,0;0,0;0,0;0,0;0,0;0,0;0,0
308;COMBO;0,0;0,0;0,0;0,0;0,0;0,0;0,0;0,0;0,0;0,0
309;COMBO;0,0012501032;0,0075936847;-0,0002430803;1,2501032;7,5936847;-0,2430803;7,6958953562054315;-0,0009046696;0,0004977516;4,01097e-05
310;COMBO;0,0040626149;0,0185313838;-0,0004789171;4,0626149;18,5313838;-0,47891710000000004;18,971479261475746;-0,0012886553;0,0006838135;0,0001204079
311;COMBO;0,0061363221;0,0279001439;-0,0006151179;6,1363221;27,9001439;-0,6151179;28,566982314477244;-0,0012839328;0,0005167693;9,01665e-05
312;COMBO;0,0079589302;0,034741591;-0,00070399;7,9589302;34,741591;-0,70399;35,64158687740703;-0,0011495655;0,0004498253;6,16023e-05
313;COMBO;0,0094513983;0,0387893883;-0,0007312536;9,451398300000001;38,7893883;-0,7312536;39,924247951757586;-0,001054984;0,0003115407;6,2003e-05
314;COMBO;0,0;0,0;0,0;0,0;0,0;0,0;0,0;0,0;0,0;0,0
315;COMBO;0,0;0,0;0,0;0,0;0,0;0,0;0,0;0,0;0,0;0,0
316;COMBO;0,0;0,0;0,0;0,0;0,0;0,0;0,0;0,0;0,0;0,0
317;COMBO;0,0;0,0;0,0;0,0;0,0;0,0;0,0;0,0;0,0;0,0
338;COMBO;0,0;0,0;0,0;0,0;0,0;0,0;0,0;0,0;0,0;0,0
339;COMBO;0,0;0,0;0,0;0,0;0,0;0,0;0,0;0,0;0,0;0,0
340;COMBO;0,0;0,0;0,0;0,0;0,0;0,0;0,0;0,0;0,0;0,0
341;COMBO;0,0;0,0;0,0;0,0;0,0;0,0;0,0;0,0;0,0;0,0
362;COMBO;0,0;0,0;0,0;0,0;0,0;0,0;0,0;0,0;0,0;0,0
363;COMBO;0,0;0,0;0,0;0,0;0,0;0,0;0,0;0,0;0,0;0,0
364;COMBO;0,0;0,0;0,0;0,0;0,0;0,0;0,0;0,0;0,0;0,0
365;COMBO;0,0;0,0;0,0;0,0;0,0;0,0;0,0;0,0;0,0;0,0
386;COMBO;0,0;0,0;0,0;0,0;0,0;0,0;0,0;0,0;0,0;0,0
387;COMBO;0,0;0,0;0,0;0,0;0,0;0,0;0,0;0,0;0,0;0,0
398;COMBO;0,0012938228;0,0075936847;0,0;1,2938228;7,5936847;0,0;7,703117859724977;0,0;0,0;4,01097e-05
399;COMBO;0,0005584116;0,0075936847;0,0;0,5584116;7,5936847;0,0;7,6141887839761795;0,0;0,0;4,01097e-05
400;COMBO;0,0041938594;0,0185313838;0,0;4,193859399999999;18,5313838;0,0;19,000016900252238;0,0;0,0;0,0001204079
401;COMBO;0,0019861813;0,0185313838;0,0;1,9861813000000001;18,5313838;0,0;18,637518657250812;0,0;0,0;0,0001204079
402;COMBO;0,0062346036;0,0279001439;0,0;6,2346036;27,9001439;0,0;28,588254785660496;0,0;0,0;9,01665e-05
403;COMBO;0,0045814006;0,0279001439;0,0;4,581400599999999;27,9001439;0,0;28,273791063428117;0,0;0,0;9,01665e-05
404;COMBO;0,0080260767;0,034741591;0,0;8,0260767;34,741591;0,0;35,65664107015079;0,0;0,0;6,16023e-05
405;COMBO;0,0068965988;0,034741591;0,0;6,8965988;34,741591;0,0;35,419503387532735;0,0;0,0;6,16023e-05
406;COMBO;0,0095189816;0,0387893883;0,0;9,5189816;38,7893883;0,0;39,94030114294728;0,0;0,0;6,2003e-05
407;COMBO;0,008382157;0,0387893883;0,0;8,382157;38,7893883;0,0;39,6847225095606;0,0;0,0;6,2003e-05
408;COMBO;0,0012501032;0,0065408054;-0,0055897591;1,2501032;6,5408054;-5,5897591;6,659196144529714;-0,0019127361;-0,0005188106;4,01097e-05
409;COMBO;0,0012501032;0,0069419023;-0,0026660365;1,2501032;6,941902300000001;-2,6660364999999997;7,053564031990886;-0,0014980051;-0,0001761185;4,01097e-05
410;COMBO;0,0012501032;0,0072928621;-0,0007412076;1,2501032;7,292862100000001;-0,7412076;7,399229393677875;-0,0010015754;-0,0003500192;4,01097e-05
411;COMBO;0,0012501032;0,0074432734;0,0010509498;1,2501032;7,443273400000001;1,0509498000000002;7,547521243282314;-0,0010186954;-0,0002732894;4,01097e-05
412;COMBO;0,000959308;0,0065408054;-0,0114544026;0,9593079999999999;6,5408054;-11,4544026;6,61077961510843;-2,83737e-05;-0,0007232388;4,01097e-05
413;COMBO;0,000959308;0,0069419023;-0,0068399883;0,9593079999999999;6,941902300000001;-6,8399883;7,007872671617921;-0,0004830481;-0,0001284801;4,01097e-05
414;COMBO;0,000959308;0,0072928621;-0,0033503187;0,9593079999999999;7,292862100000001;-3,3503187;7,355685518595831;-0,0008671361;-0,0001829185;4,01097e-05
415;COMBO;0,0006023317;0,0065408054;-0,0053724089;0,6023317;6,5408054;-5,3724089;6,568480703899042;6,90797e-05;-0,000105798;4,01097e-05
416;COMBO;0,0006023317;0,0069419023;-0,0047512401;0,6023317;6,941902300000001;-4,7512400999999995;6,967984717231388;-5,36313e-05;-9,78073e-05;4,01097e-05
417;COMBO;0,0006023317;0,0072928621;-0,0029927247;0,6023317;7,292862100000001;-2,9927246999999997;7,31769369996048;0,0003243382;-2,07031e-05;4,01097e-05
418;COMBO;0,0006023317;0,0074432734;-0,000277734;0,6023317;7,443273400000001;-0,27773400000000004;7,467604862603032;0,00038322;-0,0009846236;4,01097e-05
419;COMBO;0,0040626149;0,0153706775;-0,0058932096;4,0626149;15,370677500000001;-5,8932096000000005;15,898508314766774;-0,0020185664;-0,000466834;0,0001204079
420;COMBO;0,0031896579;0,0153706775;-0,0122375955;3,1896579000000003;15,370677500000001;-12,2375955;15,69814142910041;-6,37967e-05;-0,0005932823;0,0001204079
421;COMBO;0,0021180279;0,0153706775;-0,0061171729;2,1180279;15,370677500000001;-6,1171729;15,51591985652751;-2,63057e-05;-8,54457e-05;0,0001204079
422;COMBO;0,0040626149;0,0165747561;-0,0032865036;4,0626149;16,574756100000002;-3,2865035999999996;17,06538542196423;-0,0016389532;-0,0002562704;0,0001204079
423;COMBO;0,0031896579;0,0165747561;-0,0083629421;3,1896579000000003;16,574756100000002;-8,3629421;16,87887606724807;-0,0005573548;-0,0002486297;0,0001204079
424;COMBO;0,0021180279;0,0165747561;-0,0060212088;2,1180279;16,574756100000002;-6,0212088;16,70953565960663;-8,25017e-05;-0,0002091648;0,0001204079
425;COMBO;0,0040626149;0,0176283248;-0,0015064925;4,0626149;17,6283248;-1,5064925;18,09040284460236;-0,0010758209;-0,0003167207;0,0001204079
426;COMBO;0,0031896579;0,0176283248;-0,0045014215;3,1896579000000003;17,6283248;-4,5014215;17,914568171556006;-0,0008782262;-0,0003051125;0,0001204079
427;COMBO;0,0021180279;0,0176283248;-0,0034437419;2,1180279;17,6283248;-3,4437419;17,755108488530098;0,0003786991;-0,0003565983;0,0001204079
428;COMBO;0,0040626149;0,0180798543;0,0003276655;4,0626149;18,0798543;0,3276655;18,53067649426028;-0,0010791173;-0,0003472657;0,0001204079
429;COMBO;0,0021180279;0,0180798543;0,0004058283;2,1180279;18,0798543;0,4058283;18,203493447533823;0,0005134281;-0,001117664;0,0001204079
430;COMBO;0,0061363221;0,0255332729;-0,0066551264;6,1363221;25,5332729;-6,6551264;26,26028320298208;-0,0020205541;-0,0004062928;9,01665e-05
431;COMBO;0,0054826149;0,0255332729;-0,0132001284;5,4826149;25,5332729;-13,2001284;26,115265480702593;-5,45079e-05;-0,0004757537;9,01665e-05
432;COMBO;0,0046801329;0,0255332729;-0,006810834;4,6801329;25,5332729;-6,810834;25,958653064971166;3,23807e-05;-5,39685e-05;9,01665e-05
433;COMBO;0,0061363221;0,0264349381;-0,0038171944;6,1363221;26,4349381;-3,8171944;27,137803913835402;-0,0016204376;-0,0002135227;9,01665e-05
434;COMBO;0,0054826149;0,0264349381;-0,0094000227;5,4826149;26,4349381;-9,4000227;26,99750022673458;-0,000557708;-0,0002607012;9,01665e-05
435;COMBO;0,0046801329;0,0264349381;-0,0067701539;4,6801329;26,4349381;-6,7701539;26,84603502032458;6,65224e-05;-0,0002534348;9,01665e-05
436;COMBO;0,0061363221;0,027223895;-0,0019154483;6,1363221;27,223895000000002;-1,9154483;27,906897138269844;-0,001106727;-0,0002761727;9,01665e-05
437;COMBO;0,0054826149;0,027223895;-0,005412793;5,4826149;27,223895000000002;-5,412793;27,770479382119554;-0,0007841088;-0,0003238684;9,01665e-05
438;COMBO;0,0046801329;0,027223895;-0,0040560808;4,6801329;27,223895000000002;-4,0560808;27,623252939012946;0,0004854862;-0,000463117;9,01665e-05
439;COMBO;0,0061363221;0,0275620195;-5,01034e-05;6,1363221;27,562019499999998;-0,0501034;28,236844154992404;-0,0011011083;-0,0004151779;9,01665e-05
440;COMBO;0,0046801329;0,0275620195;0,000185954;4,6801329;27,562019499999998;0,185954;27,956547763986215;0,0006228094;-0,0012044069;9,01665e-05
441;COMBO;0,0079589302;0,033124531;-0,0071509988;7,9589302;33,124531;-7,1509988;34,067273502563026;-0,00184488;-0,0003877142;6,16023e-05
442;COMBO;0,0075123136;0,033124531;-0,013829728;7,5123136;33,124531;-13,829728;33,96570931976404;-6,35047e-05;-0,0003952582;6,16023e-05
443;COMBO;0,0069640533;0,033124531;-0,0067425782;6,9640533;33,124531;-6,7425782;33,84867194344856;0,0005002365;8,23943e-05;6,16023e-05
444;COMBO;0,0079589302;0,0337405539;-0,004444169;7,9589302;33,740553899999995;-4,4441690000000005;34,66654795919659;-0,0013636776;-0,000212534;6,16023e-05
445;COMBO;0,0075123136;0,0337405539;-0,0101463606;7,5123136;33,740553899999995;-10,1463606;34,56674461246749;-0,0005110666;-0,0002578383;6,16023e-05
446;COMBO;0,0069640533;0,0337405539;-0,0072965773;6,9640533;33,740553899999995;-7,2965773;34,451749097020404;0,0003750854;-0,0002105041;6,16023e-05
447;COMBO;0,0079589302;0,0342795739;-0,0023927613;7,9589302;34,279573899999995;-2,3927612999999996;35,19138753578826;-0,0010005305;-0,0002191491;6,16023e-05
448;COMBO;0,0075123136;0,0342795739;-0,0059481689;7,5123136;34,279573899999995;-5,9481689;35,093076844162674;-0,0006188493;-0,0003167351;6,16023e-05
449;COMBO;0,0069640533;0,0342795739;-0,0043554076;6,9640533;34,279573899999995;-4,3554075999999995;34,97981167946451;0,0006469743;-0,0004256302;6,16023e-05
450;COMBO;0,0079589302;0,0345105825;-0,0004359815;7,9589302;34,5105825;-0,4359815;35,416449206799065;-0,0010446359;-0,0005160972;6,16023e-05
451;COMBO;0,0069640533;0,0345105825;-0,0003460356;6,9640533;34,5105825;-0,3460356;35,206225910406054;0,0007287987;-0,0011914716;6,16023e-05
452;COMBO;0,0094513983;0,0371618101;-0,0080533628;9,451398300000001;37,1618101;-8,0533628;38,34487005759316;-0,0018585379;-0,0003484311;6,2003e-05
453;COMBO;0,0090018767;0,0371618101;-0,0162582868;9,0018767;37,1618101;-16,2582868;38,236552067759256;-0,000409202;-0,0003947101;6,2003e-05
454;COMBO;0,0084500502;0,0371618101;-0,0082890956;8,4500502;37,1618101;-8,2890956;38,11041167831937;0,0013890704;9,87293e-05;6,2003e-05
455;COMBO;0,0094513983;0,0377818399;-0,0042896776;9,451398300000001;37,7818399;-4,2896776;38,94606984092843;-0,0012334624;-0,0001307285;6,2003e-05
456;COMBO;0,0090018767;0,0377818399;-0,0101086371;9,0018767;37,7818399;-10,1086371;38,83942855335587;-0,0004742258;-0,0001132739;6,2003e-05
457;COMBO;0,0084500502;0,0377818399;-0,0068388471;8,4500502;37,7818399;-6,8388471;38,715252480279034;0,0008598672;-0,0001163478;6,2003e-05
458;COMBO;0,0094513983;0,0383243659;-0,0041428545;9,451398300000001;38,3243659;-4,1428545;39,47259747549337;-0,0007894082;0,0003149745;6,2003e-05
459;COMBO;0,0090018767;0,0383243659;-0,0066443522;9,0018767;38,3243659;-6,6443522;39,367382510894544;-0,0004536257;-0,0001415509;6,2003e-05
460;COMBO;0,0084500502;0,0383243659;-0,00649336;8,4500502;38,3243659;-6,49336;39,24487699075642;0,000690692;0,0002668383;6,2003e-05
461;COMBO;0,0094513983;0,0385568771;-0,0031039295;9,451398300000001;38,556877099999994;-3,1039295;39,69838411736361;-0,0007662616;-0,0007918393;6,2003e-05
462;COMBO;0,0084500502;0,0385568771;-0,0040105364;8,4500502;38,556877099999994;-4,0105363999999994;39,47196625564813;0,0005528079;-0,0014452141;6,2003e-05
463;COMBO;0,0;0,0;0,0;0,0;0,0;0,0;0,0;0,0;0,0;0,0
464;COMBO;0,0;0,0;0,0;0,0;0,0;0,0;0,0;0,0;0,0;0,0
465;COMBO;0,0;0,0;0,0;0,0;0,0;0,0;0,0;0,0;0,0;0,0
466;COMBO;0,0;0,0;0,0;0,0;0,0;0,0;0,0;0,0;0,0;0,0
487;COMBO;0,0;0,0;0,0;0,0;0,0;0,0;0,0;0,0;0,0;0,0
488;COMBO;0,0;0,0;0,0;0,0;0,0;0,0;0,0;0,0;0,0;0,0
489;COMBO;0,0;0,0;0,0;0,0;0,0;0,0;0,0;0,0;0,0;0,0
490;COMBO;0,0;0,0;0,0;0,0;0,0;0,0;0,0;0,0;0,0;0,0
511;COMBO;0,0007733996;0,0074432734;-0,0039536699;0,7733996;7,443273400000001;-3,9536699;7,4833458992904855;0,0006265585;-0,0008769275;4,01097e-05
512;COMBO;0,0010790354;0,0074432734;-0,0006056807;1,0790354;7,443273400000001;-0,6056807;7,521079463853625;0,0002607204;0,0002139727;4,01097e-05
513;COMBO;0,0007733996;0,0072928621;-0,0058287477;0,7733996;7,292862100000001;-5,8287477;7,333756510199707;0,0002907498;-0,000175465;4,01097e-05
514;COMBO;0,0010790354;0,0072928621;-0,0024905351;1,0790354;7,292862100000001;-2,4905351;7,37225576089636;-1,63006e-05;-0,0005086057;4,01097e-05
515;COMBO;0,0007733996;0,0075936847;-3,85677e-05;0,7733996;7,5936847;-0,0385677;7,632967592247084;0,0010757339;-0,0003180939;4,01097e-05
516;COMBO;0,0010790354;0,0075936847;-0,0050223429;1,0790354;7,5936847;-5,0223429;7,669965105361774;-0,0002406544;0,0009713082;4,01097e-05
517;COMBO;0,0026315675;0,0180798543;-0,0041913949;2,6315675;18,0798543;-4,1913949;18,270366143465342;0,0008726687;-0,0009575391;0,0001204079
518;COMBO;0,0035490753;0,0180798543;-0,0015517978;3,5490753;18,0798543;-1,5517978;18,42490344599663;0,0002091251;0,0002092837;0,0001204079
519;COMBO;0,0026315675;0,0176283248;-0,0066659996;2,6315675;17,6283248;-6,6659996;17,823663561719048;0,0004085485;-0,0003908563;0,0001204079
520;COMBO;0,0035490753;0,0176283248;-0,0035409039;3,5490753;17,6283248;-3,5409039;17,982040227387024;-6,87613e-05;-0,0005578634;0,0001204079
521;COMBO;0,0026315675;0,0185313838;-0,0001362676;2,6315675;18,5313838;-0,1362676;18,717300367573273;0,0012245803;-0,0002264123;0,0001204079
522;COMBO;0,0035490753;0,0185313838;-0,0058298876;3,5490753;18,5313838;-5,8298876;18,86817746969676;-0,000274643;0,0009828565;0,0001204079
523;COMBO;0,0050646931;0,0275620195;-0,0045591499;5,0646930999999995;27,562019499999998;-4,5591499;28,023490773198972;0,0008542055;-0,0009905172;9,01665e-05
524;COMBO;0,0057517619;0,0275620195;-0,002442814;5,7517619;27,562019499999998;-2,4428140000000003;28,155775320041744;7,3779e-05;8,02507e-05;9,01665e-05
525;COMBO;0,0050646931;0,027223895;-0,0073940514;5,0646930999999995;27,223895000000002;-7,3940513999999995;27,691001700339637;0,0004065473;-0,0004889551;9,01665e-05
526;COMBO;0,0057517619;0,027223895;-0,0044230949;5,7517619;27,223895000000002;-4,4230949;27,824867006426405;-0,0001693505;-0,0005226424;9,01665e-05
527;COMBO;0,0050646931;0,0279001439;-0,0007541119;5,0646930999999995;27,9001439;-0,7541119;28,356113024141635;0,0012131959;-0,0001615554;9,01665e-05
528;COMBO;0,0057517619;0,0279001439;-0,0056409781;5,7517619;27,9001439;-5,6409781;28,486853013188362;-0,0003761674;0,0007450711;9,01665e-05
529;COMBO;0,007226787;0,0345105825;-0,0048891248;7,226787;34,5105825;-4,8891248;35,259137182192575;0,0007146363;-0,0009418635;6,16023e-05
530;COMBO;0,0076961964;0,0345105825;-0,0032057055;7,6961964;34,5105825;-3,2057054999999997;35,358333438055006;-5,48658e-05;-6,39195e-05;6,16023e-05
531;COMBO;0,007226787;0,0342795739;-0,007766813;7,226787;34,279573899999995;-7,766813;35,03306491172204;0,0003566633;-0,000500298;6,16023e-05
532;COMBO;0,0076961964;0,0342795739;-0,0050794252;7,6961964;34,279573899999995;-5,0794252;35,13289947887783;-0,0002338901;-0,0004537284;6,16023e-05
533;COMBO;0,007226787;0,034741591;-0,0013820562;7,226787;34,741591;-1,3820562;35,485272938990484;0,0011363511;-0,0002394452;6,16023e-05
534;COMBO;0,0076961964;0,034741591;-0,0050981645;7,6961964;34,741591;-5,0981645;35,58383880694513;-0,0004836608;0,000482361;6,16023e-05
535;COMBO;0,0087144929;0,0385568771;-0,0062600008;8,7144929;38,556877099999994;-6,2600008;39,529421425169566;0,0001044563;-0,0011479958;6,2003e-05
536;COMBO;0,0091869556;0,0385568771;-0,0045484923;9,1869556;38,556877099999994;-4,5484923;39,636257705551316;0,0002144587;-0,0003796903;6,2003e-05
537;COMBO;0,0087144929;0,0383243659;-0,0090717531;8,7144929;38,3243659;-9,0717531;39,30266413541496;3,63842e-05;-0,0002235314;6,2003e-05
538;COMBO;0,0091869556;0,0383243659;-0,0062390377;9,1869556;38,3243659;-6,2390377;39,41011513347118;-9,54805e-05;-0,0001742637;6,2003e-05
539;COMBO;0,0087144929;0,0387893883;-0,0021848532;8,7144929;38,7893883;-2,1848532;39,7562451847798;0,0010802935;-0,0003835324;6,2003e-05
540;COMBO;0,0091869556;0,0387893883;-0,0049565896;9,1869556;38,7893883;-4,9565896;39,86247355451676;-0,0005708642;0,0002219675;6,2003e-05
9000;COMBO;0,0;0,0;0,0;0,0;0,0;0,0;0,0;0,0;0,0;0,0
9001;COMBO;0,0012453101;0,0075858621;-0,0006972638;1,2453101;7,5858621;-0,6972638;7,687398847814417;-0,0020380602;0,0006627404;3,27139e-05
9002;COMBO;0,0040060333;0,0185125068;-0,0010382509;4,0060332999999995;18,512506799999997;-1,0382509;18,940992867871397;-0,0022260014;0,0007301887;9,60406e-05
9003;COMBO;0,0061136191;0,0278853554;-0,0011368611;6,1136191;27,885355399999998;-1,1368611;28,547668631329493;-0,0018765306;0,0005319847;7,58759e-05
9004;COMBO;0,0079291833;0,0347230114;-0,0011189319;7,9291833;34,723011400000004;-1,1189319;35,61684248343091;-0,001354169;0,0004557923;7,91995e-05
9005;COMBO;0,0094283063;0,0387848291;-0,0010901811;9,4283063;38,7848291;-1,0901811;39,914357416884805;-0,0010973281;0,0003989401;7,25872e-05
9006;COMBO;0,0;0,0;0,0;0,0;0,0;0,0;0,0;0,0;0,0;0,0
9007;COMBO;0,0012619853;0,0075783036;-8,84617e-05;1,2619853;7,5783036;-0,0884617;7,682661801172108;-0,0005958679;0,0004340996;0,0001338915
9008;COMBO;0,0013449686;0,0076902657;0,0;1,3449686;7,690265699999999;0,0;7,806992191079894;0,0;0,0;0,0003159981
9009;COMBO;0,0040808231;0,018516982;-0,0002340077;4,080823100000001;18,516982000000002;-0,23400769999999999;18,961322199725885;-0,0010127657;0,0007308882;0,000125169
9010;COMBO;0,0041392564;0,0184354444;0,0;4,1392564;18,4354444;0,0;18,89441858778492;0,0;0,0;0,0002967043
9011;COMBO;0,0061502471;0,0278890002;-0,0003828068;6,1502471;27,889000199999998;-0,3828068;28,55909437546398;-0,0010871371;0,0005479354;9,75165e-05
9012;COMBO;0,0062028209;0,0277993474;0,0;6,2028209;27,799347400000002;0,0;28,482954604172715;0,0;0,0;0,0002113338
9013;COMBO;0,0079681214;0,034734565;-0,0004904345;7,9681214;34,734565;-0,49043450000000005;35,6367922852824;-0,0010601829;0,0004772998;6,29369e-05
9014;COMBO;0,0080168435;0,0346314359;0,0;8,0168435;34,6314359;0,0;35,54723803897148;0,0;0,0;0,0001177438
9015;COMBO;0,0094602884;0,038783464;-0,00053816;9,460288400000001;38,783463999999995;-0,53816;39,92059789695628;-0,0010119251;0,000377615;5,869e-05
9016;COMBO;0,0;0,0;0,0;0,0;0,0;0,0;0,0;0,0;0,0;0,0
9017;COMBO;0,0006106753;0,0075900376;0,0004079466;0,6106752999999999;7,5900376000000005;0,4079466;7,614564668544345;-0,0018534763;0,0003000603;3,04701e-05
9018;COMBO;0,0021624198;0,0185166134;0,0006030948;2,1624198;18,5166134;0,6030948;18,642452392228112;-0,0019207068;0,0005938335;7,61632e-05
9019;COMBO;0,0047051934;0,0278863583;0,0006080997;4,7051934;27,8863583;0,6080997;28,28052022448283;-0,0015301477;0,0007360844;6,64589e-05
9020;COMBO;0,0069788881;0,034729612;0,0005277645;6,978888100000001;34,729612;0,5277645;35,423873712270165;-0,0010515248;0,0004936616;5,92157e-05
9021;COMBO;0,0084779561;0,0387720917;0,0004590473;8,4779561;38,7720917;0,4590473;39,688169955627025;-0,0005665834;0,0003792185;6,96629e-05
9022;COMBO;0,0;0,0;0,0;0,0;0,0;0,0;0,0;0,0;0,0;0,0
9023;COMBO;0,0005911168;0,007580908;-0,000121435;0,5911168;7,580908;-0,121435;7,603919066882961;-0,0003326472;0,0002214501;0,0001062901
9024;COMBO;0,000612375;0,0077558966;0,0;0,612375;7,7558966;0,0;7,780034396486725;0,0;0,0;0,0002242
9025;COMBO;0,0020979915;0,0185143239;-4,2136e-06;2,0979915;18,5143239;-0,0042136;18,632814006697526;-0,0005256606;0,0004167268;0,0001450123
9026;COMBO;0,0021536016;0,018511503;0,0;2,1536016;18,511502999999998;0,0;18,636355415438167;0,0;0,0;0,0001957998
9027;COMBO;0,0046641223;0,0278859149;0,0001000171;4,6641223;27,8859149;0,1000171;28,273278668017955;-0,0005157911;0,0006750736;0,0001205532
9028;COMBO;0,0047279382;0,0278801807;0,0;4,7279382000000005;27,8801807;0,0;28,278222636645175;0,0;0,0;0,0001042444
9029;COMBO;0,0069526345;0,0347312427;0,0001624136;6,952634499999999;34,731242699999996;0,1624136;35,42030979504405;-0,0004546641;0,0005918765;8,78568e-05
9030;COMBO;0,0070202213;0,0347138089;0,0;7,020221299999999;34,7138089;0,0;35,41655030415431;0,0;0,0;1,00938e-05
9031;COMBO;0,0084389006;0,0387800802;0,0002093243;8,4389006;38,7800802;0,20932430000000002;39,68765127410681;-0,0003929611;0,0003665257;8,40681e-05
9032;COMBO;0,0;0,0;0,0;0,0;0,0;0,0;0,0;0,0;0,0;0,0
9033;COMBO;0,0009088122;0,0047316612;-0,0002297422;0,9088122;4,7316612;-0,2297422;4,81814874474152;-0,002276447;0,0004613924;0,0
9034;COMBO;0,0029609585;0,0142044116;-0,0004112906;2,9609585;14,2044116;-0,4112906;14,50974100874777;-0,0028642216;0,0006496201;0,0
9035;COMBO;0,0053241464;0,0240765839;-0,0005448631;5,3241464;24,0765839;-0,5448630999999999;24,658232442378594;-0,0025685676;0,0006609145;0,0
9036;COMBO;0,0076092873;0,0321263194;-0,0006299397;7,6092873;32,1263194;-0,6299397;33,0151730482328;-0,0019642392;0,0006238529;0,0
9037;COMBO;0,0093792904;0,0376008847;-0,0007194991;9,3792904;37,600884699999995;-0,7194991;38,75303367002673;-0,0013245793;0,0004338614;0,0
9038;COMBO;0,0;0,0;0,0;0,0;0,0;0,0;0,0;0,0;0,0;0,0
9039;COMBO;0,0007316855;0,0063312323;-5,8845e-05;0,7316855;6,3312323;-0,058845;6,373371643602273;-0,002442205;0,000370677;4,01097e-05
9040;COMBO;0,0025063433;0,0147415464;-0,0001033675;2,5063433;14,741546399999999;-0,1033675;14,95309155328114;-0,0026538314;0,0006293792;0,0001204079
9041;COMBO;0,0049709199;0,0250621529;-0,0001335673;4,9709199;25,062152899999997;-0,1335673;25,550372847283352;-0,002726953;0,0006841949;9,01665e-05
9042;COMBO;0,0071627206;0,0328026591;-0,0001494446;7,1627206;32,8026591;-0,1494446;33,57557163213275;-0,0016583955;0,0005577549;6,16023e-05
9043;COMBO;0,0086500098;0,0368378446;-0,0001566059;8,650009800000001;36,837844600000004;-0,1566059;37,83978679001569;-0,0008710209;0,0003477894;6,2003e-05
9044;COMBO;0,0;0,0;0,0;0,0;0,0;0,0;0,0;0,0;0,0;0,0
9045;COMBO;0,000731886;0,0063882883;-0,0002200904;0,7318859999999999;6,3882883;-0,2200904;6,430076556380405;-0,0024846755;0,0003731352;4,01097e-05
9046;COMBO;0,0025069453;0,0149128266;-0,0004258583;2,5069453;14,9128266;-0,42585829999999997;15,122075649158077;-0,0026282867;0,0006200537;0,0001204079
9047;COMBO;0,0049713708;0,0251904148;-0,0006173035;4,971370800000001;25,190414800000003;-0,6173035;25,676283325807727;-0,0028466662;0,0007192496;9,01665e-05
9048;COMBO;0,0071630286;0,0328902883;-0,0007944262;7,1630286000000005;32,8902883;-0,7944262;33,66125433167241;-0,0011345949;0,0004266137;6,16023e-05
9049;COMBO;0,0086503199;0,0369260438;-0,0008015875;8,6503199;36,9260438;-0,8015875;37,925726691677966;-0,0011331613;0,0004133608;6,2003e-05
9050;COMBO;0,0;0,0;0,0;0,0;0,0;0,0;0,0;0,0;0,0;0,0
9051;COMBO;0,0007944571;0,0064373224;-6,82101e-05;0,7944570999999999;6,4373224;-0,06821010000000001;6,486160787806773;-0,0025064405;0,000408576;4,01097e-05
9052;COMBO;0,0026947816;0,0150600252;-0,0001220975;2,6947816;15,0600252;-0,1220975;15,29922242783383;-0,0026652705;0,0006365793;0,0001204079
9053;COMBO;0,0051120305;0,0253006433;-0,0001616624;5,1120304999999995;25,3006433;-0,1616624;25,811923741301523;-0,0027285345;0,0006835114;9,01665e-05
9054;COMBO;0,0072591282;0,0329655971;-0,0001869047;7,2591282;32,965597100000004;-0,18690469999999998;33,755377858699255;-0,0015095566;0,0004757345;6,16023e-05
9055;COMBO;0,0087470445;0,0370018424;-0,000194066;8,747044500000001;37,0018424;-0,19406600000000002;38,02166656630687;-0,0009458869;0,0003890638;6,2003e-05
9056;COMBO;0,0;0,0;0,0;0,0;0,0;0,0;0,0;0,0;0,0;0,0
9057;COMBO;1,76573e-05;0,005669939;-2,6996e-05;0,0176573;5,669938999999999;-0,026996;5,669966494077746;-0,0003837159;7,9136e-06;7,184e-07
9058;COMBO;0,0;0,0;0,0;0,0;0,0;0,0;0,0;0,0;0,0;0,0
9059;COMBO;0,0003707506;0,0055962773;-0,0004755682;0,3707506;5,5962773;-0,4755682;5,60854487598126;-0,0006692678;3,98887e-05;-0,0005742665
9060;COMBO;0,0;0,0;0,0;0,0;0,0;0,0;0,0;0,0;0,0;0,0
9061;COMBO;0,0001082178;0,0063303732;-6,76761e-05;0,1082178;6,3303732;-0,0676761;6,331298124675151;-0,0008936851;5,39067e-05;7,09e-07
9062;COMBO;0,0003394938;0,0145726639;-0,0001006235;0,3394938;14,5726639;-0,10062349999999999;14,57661789245371;-0,0003163388;7,07368e-05;6,528e-07
9063;COMBO;0,0;0,0;0,0;0,0;0,0;0,0;0,0;0,0;0,0;0,0
9064;COMBO;1,1755e-06;0,005606186;-2,93562e-05;0,0011755000000000001;5,606186;-0,0293562;5,606186123238886;-0,0004281131;6,888e-07;1,5682e-06
9065;COMBO;0,0;0,0;0,0;0,0;0,0;0,0;0,0;0,0;0,0;0,0
9066;COMBO;1,42087e-05;0,0062168456;4,2005e-06;0,0142087;6,2168456;0,0042005;6,21686183708429;-0,0001892776;6,3261e-06;-3,9291e-06
9067;COMBO;0,0;0,0;0,0;0,0;0,0;0,0;0,0;0,0;0,0;0,0
9068;COMBO;4,99164e-05;0,0055446446;-0,0011759142;0,0499164;5,5446446;-1,1759142;5,544869284960478;-0,000732584;-8,10515e-05;-0,0004372891
9069;COMBO;0,0011047056;0,0047017761;0,0;1,1047056000000002;4,7017761;0,0;4,829810861431591;0,0;0,0;4,01097e-05
9070;COMBO;0,0011408754;0,0097665497;-3,74986e-05;1,1408754;9,7665497;-0,0374986;9,832959357227876;0,0001509268;1,63223e-05;4,14272e-05
9071;COMBO;0,0007808199;0,0047017761;0,0;0,7808199;4,7017761;0,0;4,766170182732381;0,0;0,0;4,01097e-05
9072;COMBO;0,0007903237;0,0097265935;-1,73968e-05;0,7903237000000001;9,7265935;-0,0173968;9,758649120909304;7,53355e-05;4,4633e-06;4,07769e-05
9073;COMBO;0,0;0,0;0,0;0,0;0,0;0,0;0,0;0,0;0,0;0,0
9074;COMBO;0,0011261643;0,0061758072;-8,24002e-05;1,1261643;6,1758072;-0,08240019999999999;6,277646103609722;-0,0023563908;0,0006019403;4,01097e-05
9075;COMBO;0,0;0,0;0,0;0,0;0,0;0,0;0,0;0,0;0,0;0,0
9076;COMBO;0,0011578509;0,0060344206;0,0008973384;1,1578509000000001;6,0344206;0,8973384000000001;6,1444975941353555;-7,3657e-06;0,0004268276;4,01097e-05
9077;COMBO;0,0;0,0;0,0;0,0;0,0;0,0;0,0;0,0;0,0;0,0
9078;COMBO;0,0011261643;0,0060394343;-8,24002e-05;1,1261643;6,0394343;-0,08240019999999999;6,143534218559458;-0,0022771267;0,0006019403;4,01097e-05
9079;COMBO;0,0011578509;0,0061808209;0,0;1,1578509000000001;6,1808209;0,0;6,288335686372637;0,0;0,0;4,01097e-05
9080;COMBO;0,0037856768;0,0138505283;0,0020704826;3,7856767999999996;13,850528299999999;2,0704826;14,358568279015813;1,71014e-05;0,0009758572;0,0001204079
9081;COMBO;0,0036905546;0,014274966;-0,0001504778;3,6905546;14,274966;-0,1504778;14,74431577106029;-0,0026039025;0,0007022567;0,0001204079
9082;COMBO;0,0036905546;0,0138655792;-0,0001504778;3,6905546;13,8655792;-0,1504778;14,348326724989706;-0,0025759701;0,0007022567;0,0001204079
9083;COMBO;0,0037856768;0,0142900169;0,0;3,7856767999999996;14,290016900000001;0,0;14,782960861625247;0,0;0,0;0,0001204079
9084;COMBO;0,0059289391;0,0243949207;0,0016837666;5,9289391;24,3949207;1,6837666;25,105068707549822;-0,0001071673;0,0007948747;9,01665e-05
9085;COMBO;0,0058577076;0,0247127577;-0,0002042328;5,8577076;24,7127577;-0,2042328;25,39750246512454;-0,0028490247;0,0005762884;9,01665e-05
9086;COMBO;0,0058577076;0,0244061915;-0,0002042328;5,8577076;24,406191500000002;-0,2042328;25,099301222579285;-0,0028965974;0,0005762884;9,01665e-05
9087;COMBO;0,0059289391;0,0247240285;0,0;5,9289391;24,7240285;0,0;25,424985823404523;0,0;0,0;9,01665e-05
9088;COMBO;0,0078172449;0,0323468021;0,0014802931;7,817244900000001;32,346802100000005;1,4802931;33,27799458986585;-8,62306e-05;0,0006996495;6,16023e-05
9089;COMBO;0,0077685791;0,0325639502;-0,0002436653;7,7685791;32,563950199999994;-0,2436653;33,47777880715859;-0,001412064;0,0004291273;6,16023e-05
9090;COMBO;0,0077685791;0,0323545024;-0,0002436653;7,7685791;32,3545024;-0,2436653;33,274083710668314;-0,0014181936;0,0004291273;6,16023e-05
9091;COMBO;0,0078172449;0,0325716505;0,0;7,817244900000001;32,5716505;0,0;33,49659287331663;0,0;0,0;6,16023e-05
9092;COMBO;0,0093087915;0,0363790225;0,0011636512;9,3087915;36,3790225;1,1636511999999999;37,55112351509576;-2,97354e-05;0,0005514615;6,2003e-05
9093;COMBO;0,0092598091;0,036597583;-0,0002508266;9,2598091;36,597583;-0,2508266;37,750856228837144;-0,0009935324;0,0004137636;6,2003e-05
9094;COMBO;0,0092598091;0,0363867729;-0,0002508266;9,2598091;36,386772900000004;-0,2508266;37,546521898101524;-0,0009898936;0,0004137636;6,2003e-05
9095;COMBO;0,0;0,0;0,0;0,0;0,0;0,0;0,0;0,0;0,0;0,0
9096;COMBO;0,0008038829;0,0061637743;-7,27906e-05;0,8038829;6,1637743;-0,0727906;6,215974689318876;-0,002348173;0,000414445;4,01097e-05
9097;COMBO;0,0;0,0;0,0;0,0;0,0;0,0;0,0;0,0;0,0;0,0
9098;COMBO;0,0007587595;0,0060454507;0,0004916292;0,7587594999999999;6,0454507;0,4916292;6,092880283164174;-4,53164e-05;0,0002844178;4,01097e-05
9099;COMBO;0,0;0,0;0,0;0,0;0,0;0,0;0,0;0,0;0,0;0,0
9100;COMBO;0,0008038829;0,0060514672;-7,27906e-05;0,8038829;6,051467199999999;-0,0727906;6,104627997641482;-0,0022828732;0,000414445;4,01097e-05
9101;COMBO;0,0007587595;0,0061697908;0,0;0,7587594999999999;6,1697908;0,0;6,216271751991292;0,0;0,0;4,01097e-05
9102;COMBO;0,0025876186;0,0138836404;0,0012131722;2,5876186;13,883640399999999;1,2131722;14,12272072851326;-2,82482e-05;0,0006914214;0,0001204079
9103;COMBO;0,0025876186;0,0142569048;0,0;2,5876186;14,2569048;0,0;14,489827621311752;0,0;0,0;0,0001204079
9104;COMBO;0,0050317823;0,0244197165;0,0016280577;5,0317823;24,4197165;1,6280577;24,932737255563527;-0,0001869526;0,0009254475;9,01665e-05
9105;COMBO;0,0050317823;0,0246992327;0,0;5,0317823;24,6992327;0,0;25,206565198045976;0,0;0,0;9,01665e-05
9106;COMBO;0,0072043022;0,0323637428;0,0014448946;7,2043022;32,3637428;1,4448946;33,15590171015526;-0,0001471725;0,00082213;6,16023e-05
9107;COMBO;0,0072043022;0,0325547099;0,0;7,2043022;32,5547099;0,0;33,34233205494305;0,0;0,0;6,16023e-05
9108;COMBO;0,0086918619;0,0363960734;0,000983042;8,691861900000001;36,3960734;0,983042;37,419548664125536;-5,86391e-05;0,000561611;6,2003e-05
9109;COMBO;0,0027230774;0,0142388436;-0,0001312586;2,7230774;14,238843600000001;-0,1312586;14,496889928245015;-0,0026063336;0,0006369482;0,0001204079
9110;COMBO;0,0027230774;0,0139017016;-0,0001312586;2,7230774;13,9017016;-0,1312586;14,165890649790903;-0,0025834243;0,0006369482;0,0001204079
9111;COMBO;0,0051332197;0,0246857077;-0,000175404;5,133219700000001;24,685707700000002;-0,17540399999999998;25,213768245510376;-0,0028348634;0,0006860798;9,01665e-05
9112;COMBO;0,0051332197;0,0244332415;-0,000175404;5,133219700000001;24,4332415;-0,17540399999999998;24,96664243917853;-0,0028736888;0,0006860798;9,01665e-05
9113;COMBO;0,0072736048;0,0325454695;-0,0002052268;7,273604799999999;32,5454695;-0,20522680000000001;33,34835695745764;-0,0014811448;0,0004534468;6,16023e-05
9114;COMBO;0,0072736048;0,0323729831;-0,0002052268;7,273604799999999;32,3729831;-0,20522680000000001;33,18004462895535;-0,0014875073;0,0004534468;6,16023e-05
9115;COMBO;0,0087616152;0,0365789821;-0,0002123881;8,7616152;36,5789821;-0,2123881;37,61366550051977;-0,0009589414;0,0004002473;6,2003e-05
9116;COMBO;0,0087616152;0,0364053738;-0,0002123881;8,7616152;36,4053738;-0,2123881;37,44485468566539;-0,0009552874;0,0004002473;6,2003e-05
200000;COMBO;0,0012619853;0,0075916927;-0,0001318716;1,2619853;7,5916927;-0,1318716;7,695869343267814;-0,0005958679;0,0004340996;0,0001338915
200001;COMBO;0,0012453101;0,0075891335;-0,0007635379;1,2453101;7,5891335;-0,7635379;7,690627056747991;-0,0020380602;0,0006627404;3,27139e-05
200002;COMBO;0,0006106753;0,0075930846;0,0003779406;0,6106752999999999;7,5930846;0,3779406;7,617601857854429;-0,0018534763;0,0003000603;3,04701e-05
200003;COMBO;0,0005911168;0,007591537;-0,00014358;0,5911168;7,591537;-0,14358;7,614515946113136;-0,0003326472;0,0002214501;0,0001062901
200004;COMBO;0,0040808231;0,0185294989;-0,0003070965;4,080823100000001;18,5294989;-0,3070965;18,97354596954915;-0,0010127657;0,0007308882;0,000125169
200005;COMBO;0,0040060333;0,0185221109;-0,0011112698;4,0060332999999995;18,5221109;-1,1112698;18,950379811302138;-0,0022260014;0,0007301887;9,60406e-05
200006;COMBO;0,0021624198;0,0185242297;0,0005437115;2,1624198;18,5242297;0,5437114999999999;18,650017302131225;-0,0019207068;0,0005938335;7,61632e-05
200007;COMBO;0,0020979915;0,0185288251;-4,58862e-05;2,0979915;18,5288251;-0,0458862;18,64722306190555;-0,0005256606;0,0004167268;0,0001450123
200008;COMBO;0,0061502471;0,0278987519;-0,0004376003;6,1502471;27,8987519;-0,4376003;28,56861734436604;-0,0010871371;0,0005479354;9,75165e-05
200009;COMBO;0,0061136191;0,027892943;-0,0011900596;6,1136191;27,892943;-1,1900596;28,555080243297056;-0,0018765306;0,0005319847;7,58759e-05
200010;COMBO;0,0047051934;0,0278930042;0,0005344912;4,7051934;27,8930042;0,5344911999999999;28,287073518351477;-0,0015301477;0,0007360844;6,64589e-05
200011;COMBO;0,0046641223;0,0278979702;3,25098e-05;4,6641223;27,8979702;0,0325098;28,285168871856598;-0,0005157911;0,0006750736;0,0001205532
200012;COMBO;0,0079681214;0,0347408587;-0,0005381645;7,9681214;34,740858700000004;-0,5381645;35,64292667358425;-0,0010601829;0,0004772998;6,29369e-05
200013;COMBO;0,0079291833;0,0347309314;-0,0011645111;7,9291833;34,730931399999996;-1,1645111000000001;35,62456376878887;-0,001354169;0,0004557923;7,91995e-05
200014;COMBO;0,0069788881;0,0347355336;0,0004783984;6,978888100000001;34,7355336;0,4783984;35,42967927584232;-0,0010515248;0,0004936616;5,92157e-05
200015;COMBO;0,0069526345;0,0347400284;0,0001032259;6,952634499999999;34,7400284;0,1032259;35,42892461991186;-0,0004546641;0,0005918765;8,78568e-05
200016;COMBO;0,0094602884;0,038789333;-0,0005759215;9,460288400000001;38,789333;-0,5759215;39,92629974335293;-0,0010119251;0,000377615;5,869e-05
200017;COMBO;0,0094283063;0,0387920878;-0,0011300752;9,4283063;38,7920878;-1,1300752;39,92141074122417;-0,0010973281;0,0003989401;7,25872e-05
200018;COMBO;0,0084779561;0,038779058;0,0004211254;8,4779561;38,779058;0,4211254;39,6949754881004;-0,0005665834;0,0003792185;6,96629e-05
200019;COMBO;0,0084389006;0,038788487;0,0001726717;8,4389006;38,788487;0,17267169999999998;39,69586586895227;-0,0003929611;0,0003665257;8,40681e-05
200020;COMBO;0,0012975689;0,0076902657;0,0008147558;1,2975689;7,690265699999999;0,8147557999999999;7,798966058833933;-0,0014504799;0,0007473529;0,0003159981
200021;COMBO;0,0040947507;0,0184354444;0,0003523018;4,0947507000000005;18,4354444;0,3523018;18,88471851843818;-0,0015173466;0,0005405859;0,0002967043
200022;COMBO;0,0061711208;0,0277993474;0,0001181741;6,1711208;27,799347400000002;0,1181741;28,47606798338;-0,001379166;0,000471082;0,0002113338
200023;COMBO;0,007999182;0,0346314359;-6,78271e-05;7,999182;34,6314359;-0,0678271;35,543259067858884;-0,0011341471;0,0003836176;0,0001177438
200024;COMBO;0,000646005;0,0077558966;0,0006856487;0,6460049999999999;7,7558966;0,6856487;7,782753659850513;-0,0007217429;0,0003679355;0,0002242
200025;COMBO;0,0021829716;0,018511503;0,0012633657;2,1829716;18,511502999999998;1,2633657;18,639772217637624;-0,000674335;0,000658404;0,0001957998
200026;COMBO;0,0047435748;0,0278801807;0,0011995719;4,7435748;27,8801807;1,1995719;28,280841178222538;-0,0004811559;0,0005806915;0,0001042444
200027;COMBO;0,0070217354;0,0347138089;0,0008359045;7,0217354;34,7138089;0,8359045;35,41685045812702;-0,0002195171;0,0003595284;1,00938e-05
200028;COMBO;1,76573e-05;0,0056699749;-2,73917e-05;0,0176573;5,669974900000001;-0,0273917;5,670002393903666;-0,0003837159;7,9136e-06;7,184e-07
200029;COMBO;0,0001082178;0,0063302669;-5,95901e-05;0,1082178;6,3302669;-0,0595901;6,331191840204532;-0,0008936851;5,39067e-05;7,09e-07
200030;COMBO;0,0003394938;0,014572566;-9,0013e-05;0,3394938;14,572566;-0,090013;14,576520019009834;-0,0003163388;7,07368e-05;6,528e-07
200031;COMBO;1,1755e-06;0,0056062644;-2,93906e-05;0,0011755000000000001;5,6062644;-0,0293906;5,606264523237162;-0,0004281131;6,888e-07;1,5682e-06
200032;COMBO;1,42087e-05;0,006217435;5,1494e-06;0,0142087;6,217435;0,0051494;6,2174512355450515;-0,0001892776;6,3261e-06;-3,9291e-06
200033;COMBO;0,0011408754;0,0097686211;-3,83148e-05;1,1408754;9,768621099999999;-0,0383148;9,835016770381754;0,0001509268;1,63223e-05;4,14272e-05
200034;COMBO;0,0007903237;0,0097286323;-1,762e-05;0,7903237000000001;9,7286323;-0,01762;9,76068122516994;7,53355e-05;4,4633e-06;4,07769e-05
