caso;representante;elementTag;tipo;seccion;piso;L_m;x_local_m;N_kN;V_kN;M_kNm
COMBO;viga;147;beam_y;60x80;Piso 3;8,899999999999999;0,0;0,0;-124,9343;776,5919
COMBO;viga;147;beam_y;60x80;Piso 3;8,899999999999999;0,0445;0,0;-125,7853;771,0134
COMBO;viga;147;beam_y;60x80;Piso 3;8,899999999999999;0,089;0,0;-126,6363;765,397
COMBO;viga;147;beam_y;60x80;Piso 3;8,899999999999999;0,1335;0,0;-127,4874;759,7428
COMBO;viga;147;beam_y;60x80;Piso 3;8,899999999999999;0,178;0,0;-128,3384;754,0507
COMBO;viga;147;beam_y;60x80;Piso 3;8,899999999999999;0,2225;0,0;-129,1894;748,3207
COMBO;viga;147;beam_y;60x80;Piso 3;8,899999999999999;0,267;0,0;-130,0405;742,5528
COMBO;viga;147;beam_y;60x80;Piso 3;8,899999999999999;0,3115;0,0;-130,8915;736,7471
COMBO;viga;147;beam_y;60x80;Piso 3;8,899999999999999;0,356;0,0;-131,7425;730,9035
COMBO;viga;147;beam_y;60x80;Piso 3;8,899999999999999;0,4005;0,0;-132,5936;725,022
COMBO;viga;147;beam_y;60x80;Piso 3;8,899999999999999;0,445;0,0;-133,4446;719,1026
COMBO;viga;147;beam_y;60x80;Piso 3;8,899999999999999;0,4895;0,0;-134,2956;713,1454
COMBO;viga;147;beam_y;60x80;Piso 3;8,899999999999999;0,534;0,0;-135,1467;707,1503
COMBO;viga;147;beam_y;60x80;Piso 3;8,899999999999999;0,5785;0,0;-135,9977;701,1173
COMBO;viga;147;beam_y;60x80;Piso 3;8,899999999999999;0,623;0,0;-136,8487;695,0465
COMBO;viga;147;beam_y;60x80;Piso 3;8,899999999999999;0,6675;0,0;-137,6998;688,9378
COMBO;viga;147;beam_y;60x80;Piso 3;8,899999999999999;0,712;0,0;-138,5508;682,7912
COMBO;viga;147;beam_y;60x80;Piso 3;8,899999999999999;0,7565;0,0;-139,4018;676,6068
COMBO;viga;147;beam_y;60x80;Piso 3;8,899999999999999;0,801;0,0;-140,2529;670,3845
COMBO;viga;147;beam_y;60x80;Piso 3;8,899999999999999;0,8455;0,0;-141,1039;664,1243
COMBO;viga;147;beam_y;60x80;Piso 3;8,899999999999999;0,89;0,0;-141,9549;657,8262
COMBO;viga;147;beam_y;60x80;Piso 3;8,899999999999999;0,9345;0,0;-142,806;651,4903
COMBO;viga;147;beam_y;60x80;Piso 3;8,899999999999999;0,979;0,0;-143,657;645,1165
COMBO;viga;147;beam_y;60x80;Piso 3;8,899999999999999;1,0235;0,0;-144,508;638,7048
COMBO;viga;147;beam_y;60x80;Piso 3;8,899999999999999;1,068;0,0;-145,3591;632,2553
COMBO;viga;147;beam_y;60x80;Piso 3;8,899999999999999;1,1125;0,0;-146,2101;625,7679
COMBO;viga;147;beam_y;60x80;Piso 3;8,899999999999999;1,157;0,0;-147,0611;619,2426
COMBO;viga;147;beam_y;60x80;Piso 3;8,899999999999999;1,2015;0,0;-147,9122;612,6794
COMBO;viga;147;beam_y;60x80;Piso 3;8,899999999999999;1,246;0,0;-148,7632;606,0784
COMBO;viga;147;beam_y;60x80;Piso 3;8,899999999999999;1,2905;0,0;-149,6142;599,4395
COMBO;viga;147;beam_y;60x80;Piso 3;8,899999999999999;1,335;0,0;-150,4653;592,7627
COMBO;viga;147;beam_y;60x80;Piso 3;8,899999999999999;1,3795;0,0;-151,3163;586,0481
COMBO;viga;147;beam_y;60x80;Piso 3;8,899999999999999;1,424;0,0;-152,1673;579,2956
COMBO;viga;147;beam_y;60x80;Piso 3;8,899999999999999;1,4685;0,0;-153,0184;572,5052
COMBO;viga;147;beam_y;60x80;Piso 3;8,899999999999999;1,513;0,0;-153,8694;565,6769
COMBO;viga;147;beam_y;60x80;Piso 3;8,899999999999999;1,5575;0,0;-154,7204;558,8108
COMBO;viga;147;beam_y;60x80;Piso 3;8,899999999999999;1,602;0,0;-155,5715;551,9068
COMBO;viga;147;beam_y;60x80;Piso 3;8,899999999999999;1,6465;0,0;-156,4225;544,965
COMBO;viga;147;beam_y;60x80;Piso 3;8,899999999999999;1,691;0,0;-157,2735;537,9852
COMBO;viga;147;beam_y;60x80;Piso 3;8,899999999999999;1,7355;0,0;-158,1246;530,9676
COMBO;viga;147;beam_y;60x80;Piso 3;8,899999999999999;1,78;0,0;-158,9756;523,9121
COMBO;viga;147;beam_y;60x80;Piso 3;8,899999999999999;1,8245;0,0;-159,8266;516,8188
COMBO;viga;147;beam_y;60x80;Piso 3;8,899999999999999;1,869;0,0;-160,6777;509,6876
COMBO;viga;147;beam_y;60x80;Piso 3;8,899999999999999;1,9135;0,0;-161,5287;502,5185
COMBO;viga;147;beam_y;60x80;Piso 3;8,899999999999999;1,958;0,0;-162,3797;495,3115
COMBO;viga;147;beam_y;60x80;Piso 3;8,899999999999999;2,0025;0,0;-163,2308;488,0667
COMBO;viga;147;beam_y;60x80;Piso 3;8,899999999999999;2,047;0,0;-164,0818;480,784
COMBO;viga;147;beam_y;60x80;Piso 3;8,899999999999999;2,0915;0,0;-164,9328;473,4634
COMBO;viga;147;beam_y;60x80;Piso 3;8,899999999999999;2,136;0,0;-165,7839;466,1049
COMBO;viga;147;beam_y;60x80;Piso 3;8,899999999999999;2,1805;0,0;-166,6349;458,7086
COMBO;viga;147;beam_y;60x80;Piso 3;8,899999999999999;2,225;0,0;-167,4859;451,2744
COMBO;viga;147;beam_y;60x80;Piso 3;8,899999999999999;2,2695;0,0;-168,337;443,8024
COMBO;viga;147;beam_y;60x80;Piso 3;8,899999999999999;2,314;0,0;-169,188;436,2924
COMBO;viga;147;beam_y;60x80;Piso 3;8,899999999999999;2,3585;0,0;-170,039;428,7446
COMBO;viga;147;beam_y;60x80;Piso 3;8,899999999999999;2,403;0,0;-170,8901;421,159
COMBO;viga;147;beam_y;60x80;Piso 3;8,899999999999999;2,4475;0,0;-171,7411;413,5354
COMBO;viga;147;beam_y;60x80;Piso 3;8,899999999999999;2,492;0,0;-172,5921;405,874
COMBO;viga;147;beam_y;60x80;Piso 3;8,899999999999999;2,5365;0,0;-173,4432;398,1747
COMBO;viga;147;beam_y;60x80;Piso 3;8,899999999999999;2,581;0,0;-174,2942;390,4376
COMBO;viga;147;beam_y;60x80;Piso 3;8,899999999999999;2,6255;0,0;-175,1452;382,6625
COMBO;viga;147;beam_y;60x80;Piso 3;8,899999999999999;2,67;0,0;-175,9963;374,8496
COMBO;viga;147;beam_y;60x80;Piso 3;8,899999999999999;2,7145;0,0;-176,8473;366,9989
COMBO;viga;147;beam_y;60x80;Piso 3;8,899999999999999;2,759;0,0;-177,6984;359,1102
COMBO;viga;147;beam_y;60x80;Piso 3;8,899999999999999;2,8035;0,0;-178,5494;351,1837
COMBO;viga;147;beam_y;60x80;Piso 3;8,899999999999999;2,848;0,0;-179,4004;343,2193
COMBO;viga;147;beam_y;60x80;Piso 3;8,899999999999999;2,8925;0,0;-180,2515;335,2171
COMBO;viga;147;beam_y;60x80;Piso 3;8,899999999999999;2,937;0,0;-181,1025;327,177
COMBO;viga;147;beam_y;60x80;Piso 3;8,899999999999999;2,9815;0,0;-181,9535;319,099
COMBO;viga;147;beam_y;60x80;Piso 3;8,899999999999999;3,026;0,0;-182,8046;310,9831
COMBO;viga;147;beam_y;60x80;Piso 3;8,899999999999999;3,0705;0,0;-183,6556;302,8293
COMBO;viga;147;beam_y;60x80;Piso 3;8,899999999999999;3,115;0,0;-184,5066;294,6377
COMBO;viga;147;beam_y;60x80;Piso 3;8,899999999999999;3,1595;0,0;-185,3577;286,4083
COMBO;viga;147;beam_y;60x80;Piso 3;8,899999999999999;3,204;0,0;-186,2087;278,1409
COMBO;viga;147;beam_y;60x80;Piso 3;8,899999999999999;3,2485;0,0;-187,0597;269,8357
COMBO;viga;147;beam_y;60x80;Piso 3;8,899999999999999;3,293;0,0;-187,9108;261,4926
COMBO;viga;147;beam_y;60x80;Piso 3;8,899999999999999;3,3375;0,0;-188,7618;253,1116
COMBO;viga;147;beam_y;60x80;Piso 3;8,899999999999999;3,382;0,0;-189,6128;244,6928
COMBO;viga;147;beam_y;60x80;Piso 3;8,899999999999999;3,4265;0,0;-190,4639;236,2361
COMBO;viga;147;beam_y;60x80;Piso 3;8,899999999999999;3,471;0,0;-191,3149;227,7415
COMBO;viga;147;beam_y;60x80;Piso 3;8,899999999999999;3,5155;0,0;-192,1659;219,2091
COMBO;viga;147;beam_y;60x80;Piso 3;8,899999999999999;3,56;0,0;-193,017;210,6387
COMBO;viga;147;beam_y;60x80;Piso 3;8,899999999999999;3,6045;0,0;-193,868;202,0306
COMBO;viga;147;beam_y;60x80;Piso 3;8,899999999999999;3,649;0,0;-194,719;193,3845
COMBO;viga;147;beam_y;60x80;Piso 3;8,899999999999999;3,6935;0,0;-195,5701;184,7006
COMBO;viga;147;beam_y;60x80;Piso 3;8,899999999999999;3,738;0,0;-196,4211;175,9788
COMBO;viga;147;beam_y;60x80;Piso 3;8,899999999999999;3,7825;0,0;-197,2721;167,2191
COMBO;viga;147;beam_y;60x80;Piso 3;8,899999999999999;3,827;0,0;-198,1232;158,4215
COMBO;viga;147;beam_y;60x80;Piso 3;8,899999999999999;3,8715;0,0;-198,9742;149,5861
COMBO;viga;147;beam_y;60x80;Piso 3;8,899999999999999;3,916;0,0;-199,8252;140,7128
COMBO;viga;147;beam_y;60x80;Piso 3;8,899999999999999;3,9605;0,0;-200,6763;131,8017
COMBO;viga;147;beam_y;60x80;Piso 3;8,899999999999999;4,005;0,0;-201,5273;122,8527
COMBO;viga;147;beam_y;60x80;Piso 3;8,899999999999999;4,0495;0,0;-202,3783;113,8658
COMBO;viga;147;beam_y;60x80;Piso 3;8,899999999999999;4,094;0,0;-203,2294;104,841
COMBO;viga;147;beam_y;60x80;Piso 3;8,899999999999999;4,1385;0,0;-204,0804;95,7783
COMBO;viga;147;beam_y;60x80;Piso 3;8,899999999999999;4,183;0,0;-204,9314;86,6778
COMBO;viga;147;beam_y;60x80;Piso 3;8,899999999999999;4,2275;0,0;-205,7825;77,5394
COMBO;viga;147;beam_y;60x80;Piso 3;8,899999999999999;4,272;0,0;-206,6335;68,3632
COMBO;viga;147;beam_y;60x80;Piso 3;8,899999999999999;4,3165;0,0;-207,4845;59,1491
COMBO;viga;147;beam_y;60x80;Piso 3;8,899999999999999;4,361;0,0;-208,3356;49,8971
COMBO;viga;147;beam_y;60x80;Piso 3;8,899999999999999;4,4055;0,0;-209,1866;40,6072
COMBO;viga;147;beam_y;60x80;Piso 3;8,899999999999999;4,45;0,0;-210,0376;31,2795
COMBO;viga;147;beam_y;60x80;Piso 3;8,899999999999999;4,4945;0,0;-210,8887;21,9138
COMBO;viga;147;beam_y;60x80;Piso 3;8,899999999999999;4,539;0,0;-211,7397;12,5104
COMBO;viga;147;beam_y;60x80;Piso 3;8,899999999999999;4,5835;0,0;-212,5907;3,069
COMBO;viga;147;beam_y;60x80;Piso 3;8,899999999999999;4,628;0,0;-213,4418;-6,4102
COMBO;viga;147;beam_y;60x80;Piso 3;8,899999999999999;4,6725;0,0;-214,2928;-15,9273
COMBO;viga;147;beam_y;60x80;Piso 3;8,899999999999999;4,717;0,0;-215,1438;-25,4823
COMBO;viga;147;beam_y;60x80;Piso 3;8,899999999999999;4,7615;0,0;-215,9949;-35,0751
COMBO;viga;147;beam_y;60x80;Piso 3;8,899999999999999;4,806;0,0;-216,8459;-44,7058
COMBO;viga;147;beam_y;60x80;Piso 3;8,899999999999999;4,8505;0,0;-217,6969;-54,3744
COMBO;viga;147;beam_y;60x80;Piso 3;8,899999999999999;4,895;0,0;-218,548;-64,0808
COMBO;viga;147;beam_y;60x80;Piso 3;8,899999999999999;4,9395;0,0;-219,399;-73,8252
COMBO;viga;147;beam_y;60x80;Piso 3;8,899999999999999;4,984;0,0;-220,25;-83,6073
COMBO;viga;147;beam_y;60x80;Piso 3;8,899999999999999;5,0285;0,0;-221,1011;-93,4274
COMBO;viga;147;beam_y;60x80;Piso 3;8,899999999999999;5,073;0,0;-221,9521;-103,2853
COMBO;viga;147;beam_y;60x80;Piso 3;8,899999999999999;5,1175;0,0;-222,8031;-113,1811
COMBO;viga;147;beam_y;60x80;Piso 3;8,899999999999999;5,162;0,0;-223,6542;-123,1148
COMBO;viga;147;beam_y;60x80;Piso 3;8,899999999999999;5,2065;0,0;-224,5052;-133,0864
COMBO;viga;147;beam_y;60x80;Piso 3;8,899999999999999;5,251;0,0;-225,3562;-143,0958
COMBO;viga;147;beam_y;60x80;Piso 3;8,899999999999999;5,2955;0,0;-226,2073;-153,1431
COMBO;viga;147;beam_y;60x80;Piso 3;8,899999999999999;5,34;0,0;-227,0583;-163,2282
COMBO;viga;147;beam_y;60x80;Piso 3;8,899999999999999;5,3845;0,0;-227,9093;-173,3513
COMBO;viga;147;beam_y;60x80;Piso 3;8,899999999999999;5,429;0,0;-228,7604;-183,5122
COMBO;viga;147;beam_y;60x80;Piso 3;8,899999999999999;5,4735;0,0;-229,6114;-193,7109
COMBO;viga;147;beam_y;60x80;Piso 3;8,899999999999999;5,518;0,0;-230,4624;-203,9476
COMBO;viga;147;beam_y;60x80;Piso 3;8,899999999999999;5,5625;0,0;-231,3135;-214,2221
COMBO;viga;147;beam_y;60x80;Piso 3;8,899999999999999;5,607;0,0;-232,1645;-224,5345
COMBO;viga;147;beam_y;60x80;Piso 3;8,899999999999999;5,6515;0,0;-233,0155;-234,8847
COMBO;viga;147;beam_y;60x80;Piso 3;8,899999999999999;5,696;0,0;-233,8666;-245,2729
COMBO;viga;147;beam_y;60x80;Piso 3;8,899999999999999;5,7405;0,0;-234,7176;-255,6989
COMBO;viga;147;beam_y;60x80;Piso 3;8,899999999999999;5,785;0,0;-235,5686;-266,1627
COMBO;viga;147;beam_y;60x80;Piso 3;8,899999999999999;5,8295;0,0;-236,4197;-276,6645
COMBO;viga;147;beam_y;60x80;Piso 3;8,899999999999999;5,874;0,0;-237,2707;-287,2041
COMBO;viga;147;beam_y;60x80;Piso 3;8,899999999999999;5,9185;0,0;-238,1217;-297,7816
COMBO;viga;147;beam_y;60x80;Piso 3;8,899999999999999;5,963;0,0;-238,9728;-308,3969
COMBO;viga;147;beam_y;60x80;Piso 3;8,899999999999999;6,0075;0,0;-239,8238;-319,0501
COMBO;viga;147;beam_y;60x80;Piso 3;8,899999999999999;6,052;0,0;-240,6748;-329,7412
COMBO;viga;147;beam_y;60x80;Piso 3;8,899999999999999;6,0965;0,0;-241,5259;-340,4702
COMBO;viga;147;beam_y;60x80;Piso 3;8,899999999999999;6,141;0,0;-242,3769;-351,237
COMBO;viga;147;beam_y;60x80;Piso 3;8,899999999999999;6,1855;0,0;-243,2279;-362,0417
COMBO;viga;147;beam_y;60x80;Piso 3;8,899999999999999;6,23;0,0;-244,079;-372,8843
COMBO;viga;147;beam_y;60x80;Piso 3;8,899999999999999;6,2745;0,0;-244,93;-383,7648
COMBO;viga;147;beam_y;60x80;Piso 3;8,899999999999999;6,319;0,0;-245,781;-394,6831
COMBO;viga;147;beam_y;60x80;Piso 3;8,899999999999999;6,3635;0,0;-246,6321;-405,6393
COMBO;viga;147;beam_y;60x80;Piso 3;8,899999999999999;6,408;0,0;-247,4831;-416,6333
COMBO;viga;147;beam_y;60x80;Piso 3;8,899999999999999;6,4525;0,0;-248,3341;-427,6653
COMBO;viga;147;beam_y;60x80;Piso 3;8,899999999999999;6,497;0,0;-249,1852;-438,7351
COMBO;viga;147;beam_y;60x80;Piso 3;8,899999999999999;6,5415;0,0;-250,0362;-449,8427
COMBO;viga;147;beam_y;60x80;Piso 3;8,899999999999999;6,586;0,0;-250,8872;-460,9883
COMBO;viga;147;beam_y;60x80;Piso 3;8,899999999999999;6,6305;0,0;-251,7383;-472,1717
COMBO;viga;147;beam_y;60x80;Piso 3;8,899999999999999;6,675;0,0;-252,5893;-483,393
COMBO;viga;147;beam_y;60x80;Piso 3;8,899999999999999;6,7195;0,0;-253,4403;-494,6522
COMBO;viga;147;beam_y;60x80;Piso 3;8,899999999999999;6,764;0,0;-254,2914;-505,9492
COMBO;viga;147;beam_y;60x80;Piso 3;8,899999999999999;6,8085;0,0;-255,1424;-517,2841
COMBO;viga;147;beam_y;60x80;Piso 3;8,899999999999999;6,853;0,0;-255,9934;-528,6569
COMBO;viga;147;beam_y;60x80;Piso 3;8,899999999999999;6,8975;0,0;-256,8445;-540,0675
COMBO;viga;147;beam_y;60x80;Piso 3;8,899999999999999;6,942;0,0;-257,6955;-551,516
COMBO;viga;147;beam_y;60x80;Piso 3;8,899999999999999;6,9865;0,0;-258,5465;-563,0024
COMBO;viga;147;beam_y;60x80;Piso 3;8,899999999999999;7,031;0,0;-259,3976;-574,5267
COMBO;viga;147;beam_y;60x80;Piso 3;8,899999999999999;7,0755;0,0;-260,2486;-586,0888
COMBO;viga;147;beam_y;60x80;Piso 3;8,899999999999999;7,12;0,0;-261,0996;-597,6888
COMBO;viga;147;beam_y;60x80;Piso 3;8,899999999999999;7,1645;0,0;-261,9507;-609,3267
COMBO;viga;147;beam_y;60x80;Piso 3;8,899999999999999;7,209;0,0;-262,8017;-621,0024
COMBO;viga;147;beam_y;60x80;Piso 3;8,899999999999999;7,2535;0,0;-263,6527;-632,716
COMBO;viga;147;beam_y;60x80;Piso 3;8,899999999999999;7,298;0,0;-264,5038;-644,4675
COMBO;viga;147;beam_y;60x80;Piso 3;8,899999999999999;7,3425;0,0;-265,3548;-656,2568
COMBO;viga;147;beam_y;60x80;Piso 3;8,899999999999999;7,387;0,0;-266,2058;-668,0841
COMBO;viga;147;beam_y;60x80;Piso 3;8,899999999999999;7,4315;0,0;-267,0569;-679,9492
COMBO;viga;147;beam_y;60x80;Piso 3;8,899999999999999;7,476;0,0;-267,9079;-691,8521
COMBO;viga;147;beam_y;60x80;Piso 3;8,899999999999999;7,5205;0,0;-268,7589;-703,793
COMBO;viga;147;beam_y;60x80;Piso 3;8,899999999999999;7,565;0,0;-269,61;-715,7717
COMBO;viga;147;beam_y;60x80;Piso 3;8,899999999999999;7,6095;0,0;-270,461;-727,7883
COMBO;viga;147;beam_y;60x80;Piso 3;8,899999999999999;7,654;0,0;-271,312;-739,8427
COMBO;viga;147;beam_y;60x80;Piso 3;8,899999999999999;7,6985;0,0;-272,1631;-751,935
COMBO;viga;147;beam_y;60x80;Piso 3;8,899999999999999;7,743;0,0;-273,0141;-764,0652
COMBO;viga;147;beam_y;60x80;Piso 3;8,899999999999999;7,7875;0,0;-273,8651;-776,2333
COMBO;viga;147;beam_y;60x80;Piso 3;8,899999999999999;7,832;0,0;-274,7162;-788,4392
COMBO;viga;147;beam_y;60x80;Piso 3;8,899999999999999;7,8765;0,0;-275,5672;-800,683
COMBO;viga;147;beam_y;60x80;Piso 3;8,899999999999999;7,921;0,0;-276,4182;-812,9647
COMBO;viga;147;beam_y;60x80;Piso 3;8,899999999999999;7,9655;0,0;-277,2693;-825,2843
COMBO;viga;147;beam_y;60x80;Piso 3;8,899999999999999;8,01;0,0;-278,1203;-837,6417
COMBO;viga;147;beam_y;60x80;Piso 3;8,899999999999999;8,0545;0,0;-278,9713;-850,037
COMBO;viga;147;beam_y;60x80;Piso 3;8,899999999999999;8,099;0,0;-279,8224;-862,4701
COMBO;viga;147;beam_y;60x80;Piso 3;8,899999999999999;8,1435;0,0;-280,6734;-874,9412
COMBO;viga;147;beam_y;60x80;Piso 3;8,899999999999999;8,188;0,0;-281,5244;-887,4501
COMBO;viga;147;beam_y;60x80;Piso 3;8,899999999999999;8,2325;0,0;-282,3755;-899,9968
COMBO;viga;147;beam_y;60x80;Piso 3;8,899999999999999;8,277;0,0;-283,2265;-912,5815
COMBO;viga;147;beam_y;60x80;Piso 3;8,899999999999999;8,3215;0,0;-284,0775;-925,204
COMBO;viga;147;beam_y;60x80;Piso 3;8,899999999999999;8,366;0,0;-284,9286;-937,8644
COMBO;viga;147;beam_y;60x80;Piso 3;8,899999999999999;8,4105;0,0;-285,7796;-950,5626
COMBO;viga;147;beam_y;60x80;Piso 3;8,899999999999999;8,455;0,0;-286,6306;-963,2988
COMBO;viga;147;beam_y;60x80;Piso 3;8,899999999999999;8,4995;0,0;-287,4817;-976,0728
COMBO;viga;147;beam_y;60x80;Piso 3;8,899999999999999;8,544;0,0;-288,3327;-988,8846
COMBO;viga;147;beam_y;60x80;Piso 3;8,899999999999999;8,5885;0,0;-289,1837;-1001,7344
COMBO;viga;147;beam_y;60x80;Piso 3;8,899999999999999;8,633;0,0;-290,0348;-1014,622
COMBO;viga;147;beam_y;60x80;Piso 3;8,899999999999999;8,6775;0,0;-290,8858;-1027,5475
COMBO;viga;147;beam_y;60x80;Piso 3;8,899999999999999;8,722;0,0;-291,7368;-1040,5108
COMBO;viga;147;beam_y;60x80;Piso 3;8,899999999999999;8,7665;0,0;-292,5879;-1053,512
COMBO;viga;147;beam_y;60x80;Piso 3;8,899999999999999;8,811;0,0;-293,4389;-1066,5511
COMBO;viga;147;beam_y;60x80;Piso 3;8,899999999999999;8,8555;0,0;-294,2899;-1079,6281
COMBO;viga;147;beam_y;60x80;Piso 3;8,899999999999999;8,9;0,0;-295,141;-1092,7429
COMBO;columna;261;column;70x70;Piso 1;3,56;0,0;-5745,763;535,6256;989,8667
COMBO;columna;261;column;70x70;Piso 1;3,56;3,56;-5745,763;535,6256;917,1624
COMBO;muro;446;wall;30x1000;Subterraneo;10,61478214566837;0,0;-1279,7506;151,5079;698,6578
COMBO;muro;446;wall;30x1000;Subterraneo;10,61478214566837;10,6148;-1279,7506;151,5079;909,9138
