nodoTag;caso;aparece_en_tabla_Unity;Fx_kN;Fy_kN;Fz_kN;Mx_kNm;My_kNm;Mz_kNm
1;Q;True;-9,2012928129;-1,0375612926;281,2752288357;0,8124507366;-9,9299868877;0,0080177775
2;Q;True;-16,5966224354;2,3412257995;547,1010386809;-3,1970432793;-18,7371786916;0,0080177775
3;Q;True;-13,078044465;6,3353202549;398,6622947249;-7,936702033;-14,6003465071;0,0080177775
4;Q;True;1,0093458031;-2,2532803136;695,9262589137;2,2355273434;4,5419868882;0,5669815101
5;Q;True;19,3494960512;2,769573993;1167,1256265171;-3,6620385583;23,9188819125;0,0080177775
6;Q;True;1,8635008939;1,7479853734;715,206478756;-1,5592272802;5,8660886861;-0,3858357657
13;Q;True;22,9421704348;11,6004381069;923,5944015405;-15,6327655674;31,5801706856;0,0317417805
14;Q;True;9,5983057643;7,3870846868;1324,6044690609;-10,6329195089;15,621138448;0,0317417805
15;Q;True;4,9964098796;-23,2652424513;705,042511829;25,7411753617;10,0076172844;0,0317417805
16;Q;True;1,0686008281;14,7328522288;802,055167805;-19,1784310215;5,6235347524;0,0317417805
17;Q;True;2,854677809;7,5459193605;1310,4374449272;-10,6499373511;7,6186999411;0,0317417805
18;Q;True;2,9093023273;-23,1445640201;703,951530409;25,7694362606;7,5309163224;0,0317417805
19;Q;True;16,7732929382;-2,5926263961;376,0276748058;1,5526029173;24,2597693897;0,0317417805
20;Q;True;28,5993064105;2,8059706843;819,2684824685;-4,8537322848;38,1689925482;0,0317417805
21;Q;True;18,2161926167;-0,1416496543;445,5550471001;-1,355889483;25,6950927991;0,0317417805
22;Q;True;2,7930189985;-1,0414680234;268,5603904566;-0,202372033;7,6698443146;0,0317417805
23;Q;True;1,5156347644;-0,1060108534;553,4573557196;-1,3124478748;6,0297021948;0,0317417805
24;Q;True;2,1250146763;0,0630286455;301,1461501482;-1,5130414134;6,6002283099;0,0317417805
164;Q;False;0,0;0,0;0,0;0,0;0,0;0,0
165;Q;False;0,0;0,0;0,0;0,0;0,0;0,0
166;Q;True;24,0867610555;-8,6741217931;381,9921450039;9,8710376311;29,5018893772;0,0080177775
182;Q;True;-13,9021897929;19,2745880212;922,9216851767;-23,3380759258;-15,5083846373;0,0080177775
183;Q;True;-21,1788500041;6,4506469173;1907,9187470053;-8,1203324825;-24,1747554065;0,0080177775
184;Q;True;-4,5957234627;-25,4777852393;973,3050075759;29,7680736766;-4,5346589177;0,0080177775
200;Q;True;-2,2980631527;13,2884887497;684,9724997952;-16,2778827008;-1,7381543575;0,0080177775
201;Q;True;-9,2896651572;7,253155086;1424,5174437787;-9,11595342;-10,0662560548;0,0080177775
202;Q;True;-2,4081766783;-21,656342123;840,2770830776;25,189983268;-1,9387700669;0,0080177775
218;Q;True;-19,0881628602;4,5662499365;963,7013613403;-5,9599760755;-21,6938066624;0,0080177775
230;Q;False;0,0;0,0;0,0;0,0;0,0;0,0
236;Q;False;0,0;0,0;0,0;0,0;0,0;0,0
237;Q;False;0,0;0,0;0,0;0,0;0,0;0,0
238;Q;False;0,0;0,0;0,0;0,0;0,0;0,0
239;Q;False;0,0;0,0;0,0;0,0;0,0;0,0
272;Q;False;0,0;0,0;0,0;0,0;0,0;0,0
273;Q;False;0,0;0,0;0,0;0,0;0,0;0,0
274;Q;False;0,0;0,0;0,0;0,0;0,0;0,0
275;Q;False;0,0;0,0;0,0;0,0;0,0;0,0
308;Q;False;0,0;0,0;0,0;0,0;0,0;0,0
315;Q;False;0,0;0,0;0,0;0,0;0,0;0,0
317;Q;False;0,0;0,0;0,0;0,0;0,0;0,0
339;Q;False;0,0;0,0;0,0;0,0;0,0;0,0
341;Q;False;0,0;0,0;0,0;0,0;0,0;0,0
364;Q;False;0,0;0,0;0,0;0,0;0,0;0,0
365;Q;False;0,0;0,0;0,0;0,0;0,0;0,0
387;Q;False;0,0;0,0;0,0;0,0;0,0;0,0
398;Q;False;-11,2501106329;-0,1272404834;-4,0354705787;5,667339048;3,9221279647;3,7792120834
399;Q;False;-18,8521108426;0,1211892929;-10,3014802102;-8,6610047546;3,3454883406;-6,3533225575
400;Q;False;13,0994086308;-0,7260392205;52,9569609081;39,8817264507;11,7835764148;-4,4072475428
401;Q;False;21,6750427085;0,9085258874;42,5098671078;-47,0060121843;11,5794740498;7,3196637818
402;Q;False;16,0069989457;-0,9739400257;69,8236062479;53,0677648689;16,2715823745;-5,3819989926
403;Q;False;22,5372413336;0,9882360392;68,7069424434;-68,1106581236;19,0984435975;7,6098640175
404;Q;False;17,6508418371;-0,9893134216;87,2347773369;64,7822642867;23,6230303178;-5,9319209899
405;Q;False;24,1109911076;1,2007597176;95,4093104944;-86,1480470665;27,2265103471;8,1395349722
406;Q;False;19,0114328172;-1,1527752619;71,4795535252;59,1017927395;35,2683865677;-6,3927560797
407;Q;False;24,0893117936;1,1704842444;67,3386897683;-76,2569248886;41,4930544084;8,1392726606
463;Q;False;0,0;0,0;0,0;0,0;0,0;0,0
465;Q;False;0,0;0,0;0,0;0,0;0,0;0,0
466;Q;False;0,0;0,0;0,0;0,0;0,0;0,0
488;Q;False;0,0;0,0;0,0;0,0;0,0;0,0
489;Q;False;0,0;0,0;0,0;0,0;0,0;0,0
490;Q;False;0,0;0,0;0,0;0,0;0,0;0,0
9000;Q;False;-13,3885532915;9,337951529;125,4543170542;-12,5988771658;46,2728163662;-3,1255053094
9006;Q;False;32,4327577634;0,9246141793;52,5510146894;6,480029528;41,2792299183;16,3699930701
9008;Q;False;159,5945746326;2,2902843438;170,7987720776;53,3762395402;223,3520425748;117,7165012055
9010;Q;False;210,5461625155;3,5559930682;231,5456792951;61,4329429284;294,684075427;139,2321361531
9012;Q;False;298,1672385256;3,1191086792;309,1872778969;72,6461955228;438,0647879575;159,7606758884
9014;Q;False;389,9187183803;4,1534267143;392,4054242677;74,0632467496;616,2484618595;167,1063860371
9016;Q;False;-10,7531460399;-11,4182086632;217,4459882344;12,1250045383;44,541350492;-0,2974308904
9022;Q;False;33,8759299814;-0,8846818381;65,9609691229;-12,6842994014;27,9066328727;-28,0638859918
9024;Q;False;163,2860597443;-1,2349155819;205,7636477135;-100,6941452631;198,2556171599;-208,3109524887
9026;Q;False;257,6128546804;-0,9756500054;307,7966910327;-118,8146092018;333,7924559684;-243,0734595837
9028;Q;False;352,4344679347;-2,0669078943;403,0873096023;-126,3755672497;480,7201908572;-262,7553090845
9030;Q;False;463,3351646727;-1,4249839912;504,9077990825;-136,8638436362;697,0196218552;-280,8881986008
9032;Q;False;12,9383990688;-0,0690943777;656,1465811023;-0,2245883553;613,7421109807;0,0
9038;Q;False;-30,5904069352;0,0634965272;0,0;-0,2357304664;158,1686218864;1,6713578509
9044;Q;False;-2,7734090328;0,0581163324;0,0;-0,1985052299;19,5254890801;0,196091786
9050;Q;False;-3,2259341386;0,0288490687;0,0;-0,1136485591;18,1138151495;0,1872186772
9056;Q;False;4,3375799346;4,6555876657;103,5210534885;-5,8109310289;0,1433160198;4,3713974128
9058;Q;False;-56,5857594961;0,0049491598;51,0840492849;-34,3810840061;206,6034001349;12,2001248955
9060;Q;False;9,7705460608;1,7695189858;127,1117647033;-2,4907319621;123,1525844988;-0,0387129903
9063;Q;False;2,5789428311;-4,3302350415;74,1787215864;5,1448505277;-2,9981861491;-3,5076746902
9065;Q;False;1,7438277021;0,7621352802;53,6890875685;-1,1867144692;36,1501338959;-1,7468722891
9067;Q;False;-51,1807374919;-0,0001268937;53,2819896808;29,4005707819;223,5027451466;-10,4415082703
9069;Q;False;7,6735635566;5,9964672385;71,5786847705;-8,0997903578;-0,1444980201;0,423967012
9071;Q;False;4,0157215821;-0,8568944446;65,8354962182;-0,2752038285;-9,6786126036;0,0619157651
9073;Q;False;-0,7760213986;0,0218630805;0,0;-0,067535167;3,0854375348;0,032928588
9075;Q;False;11,9929601619;0,0530594619;0,0;-0,1888916842;42,6949381764;-0,0031424911
9077;Q;False;-0,7760213986;0,0244396841;0,0;-0,0690786019;3,0854375348;0,032928588
9079;Q;False;40,8836426783;0,2293773259;-0,0;-0,8165832804;145,5457679347;-0,0168895822
9083;Q;False;58,3652048356;0,7616090023;0,0;-2,7113280483;207,7801292148;-0,1085239874
9087;Q;False;85,8553877612;0,6218918845;-0,0;-2,213935109;305,6451804298;-0,1012651038
9091;Q;False;121,9488661558;1,0457472704;-0,0;-3,7228602825;434,1379635146;-0,1672161589
9095;Q;False;-1,9087459742;0,0531575769;0,0;-0,1650969611;11,1232822689;0,1141118241
9097;Q;False;15,1322972372;0,114388617;0,0;-0,4072234766;53,8709781646;0,0582025034
9099;Q;False;-1,9087459742;0,0583439814;0,0;-0,1681830885;11,1232822689;0,1141118241
9101;Q;False;51,8991591588;0,4940186048;-0,0;-1,7587062329;184,7610066052;0,2440897094
9103;Q;False;85,2742922895;1,632590847;0,0;-5,8120234153;303,5764805508;0,6910938708
9105;Q;False;123,6849273311;1,3312312467;-0,0;-4,7391832384;440,3183412988;0,5355216266
9107;Q;False;177,507105566;2,238993732;-0,0;-7,9708176859;631,9252958149;0,9074911568
